 ,PosRank,OvRank,Tm,FantPos,Age,G,GS,Cmp,Att,Yds,-0.5,Int,Att,Yds,TD,Tgt,Rec,Yds,TD,FantPt,DKPt,FDPt
Aaron Rodgers*+,1,1,GNB,QB,28,15,15,343,502,4643,45,6,60,257,3,0,0,0,0,399,406.9,398.4
Drew Brees*,2,2,NOR,QB,32,16,16,468,657,5476,46,14,21,86,1,0,0,0,0,396,412.1,408.6
Ray Rice*,1,3,BAL,RB,24,16,16,1,1,1,1,0,291,1364,12,104,76,704,3,301,381.8,336.8
Calvin Johnson*+,1,4,DET,WR,26,16,16,0,0,0,0,0,1,11,0,158,96,1681,16,267,363.7,312.2
Cam Newton*,3,5,CAR,QB,22,16,16,310,517,4051,21,17,126,706,14,1,1,27,0,375,394.8,385.8
Rob Gronkowski*+,1,6,NWE,TE,22,16,16,0,0,0,0,0,1,2,1,124,90,1327,17,241,333.9,285.9
Tom Brady*,4,7,NWE,QB,34,16,16,401,611,5235,39,12,43,109,3,0,0,0,0,370,385.3,376.3
LeSean McCoy*+,2,8,PHI,RB,23,15,15,0,0,0,0,0,273,1309,17,69,48,315,3,282,335.9,305.4
Matthew Stafford,5,9,DET,QB,23,16,16,421,663,5038,41,16,22,78,0,0,0,0,0,347,361.8,356.3
Maurice Jones-Drew*+,3,10,JAX,RB,26,16,16,0,0,0,0,0,343,1606,8,64,43,374,3,264,310.0,279.5
Arian Foster*,4,11,HOU,RB,25,13,13,0,0,0,0,0,278,1224,10,72,53,617,2,256,312.1,276.6
Jordy Nelson,2,12,GNB,WR,26,16,9,0,0,0,0,0,0,0,0,96,68,1263,15,216,287.3,250.3
Jimmy Graham*,2,13,NOR,TE,25,16,11,0,0,0,0,0,0,0,0,149,99,1310,11,197,298.5,245.5
Wes Welker*+,3,14,NWE,WR,30,16,15,0,0,0,0,0,4,30,0,173,122,1569,9,214,338.4,273.9
Victor Cruz,4,15,NYG,WR,25,16,7,0,0,0,0,0,1,3,0,131,82,1536,9,208,292.4,247.9
Larry Fitzgerald*,5,16,ARI,WR,28,16,16,0,0,0,0,0,0,0,0,154,80,1411,8,189,272.1,229.1
Steve Smith*,6,17,CAR,WR,32,16,16,0,0,0,0,0,6,56,0,129,79,1394,7,189,269.5,225.5
Marshawn Lynch*,5,18,SEA,RB,25,15,15,0,2,0,0,0,285,1204,12,41,28,212,1,220,252.1,230.6
Michael Turner,6,19,ATL,RB,29,16,15,0,0,0,0,0,301,1340,11,26,17,168,0,217,238.3,222.3
Percy Harvin,7,20,MIN,WR,23,16,14,0,0,0,0,0,52,345,2,121,87,967,6,179,277.2,226.7
Roddy White*,8,21,ATL,WR,30,16,16,0,0,0,0,0,0,0,0,180,100,1296,8,178,280.6,227.6
Eli Manning*,6,22,NYG,QB,30,16,16,359,589,4933,29,16,35,15,1,0,0,0,0,289,303.8,296.8
Mike Wallace*,9,23,PIT,WR,25,16,14,0,0,0,0,0,5,57,0,114,72,1193,8,173,247.5,208.0
Vincent Jackson*,10,24,SDG,WR,28,16,16,0,0,0,0,0,3,51,0,115,60,1106,9,170,232.7,199.7
Tony Romo,7,25,DAL,QB,31,16,16,346,522,4184,31,10,22,46,1,0,0,0,0,282,291.5,285.0
Matt Ryan,8,26,ATL,QB,26,16,16,347,566,4177,29,12,37,84,2,0,0,0,0,281,292.0,286.5
Marques Colston,11,27,NOR,WR,28,14,7,0,0,0,0,0,0,0,0,107,80,1143,8,162,244.8,201.3
Hakeem Nicks,12,28,NYG,WR,23,15,15,0,0,0,0,0,0,0,0,133,76,1192,7,161,240.2,199.2
Brandon Marshall*,13,29,MIA,WR,27,16,16,0,0,0,0,0,1,13,0,141,81,1214,6,161,242.2,198.2
Ryan Mathews*,7,30,SDG,RB,24,14,14,0,0,0,0,0,222,1091,6,59,50,455,0,191,244.1,210.6
Adrian Peterson,8,31,MIN,RB,26,12,12,0,0,0,0,0,208,970,12,24,18,139,1,189,212.4,196.9
Aaron Hernandez,3,32,NWE,TE,22,14,12,0,0,0,0,0,5,45,0,113,79,910,7,138,219.0,176.0
Michael Bush,9,33,OAK,RB,27,16,9,0,0,0,0,0,256,977,7,47,37,418,1,188,230.0,205.0
Darren Sproles,10,34,NOR,RB,28,16,4,0,0,0,0,0,87,603,2,111,86,710,7,187,282.8,233.3
A.J. Green*,14,35,CIN,WR,23,15,15,0,0,0,0,0,5,53,0,115,65,1057,7,153,220.5,184.5
Philip Rivers*,9,36,SDG,QB,30,16,16,366,582,4624,27,20,26,36,1,0,0,0,0,265,283.1,275.6
Laurent Robinson,15,37,DAL,WR,26,14,4,0,0,0,0,0,0,0,0,80,54,858,11,152,208.8,178.8
Steven Jackson,11,38,STL,RB,28,15,15,0,0,0,0,0,260,1145,5,58,42,333,1,184,230.8,202.8
Nate Washington,16,39,TEN,WR,28,16,15,0,0,0,0,0,2,5,1,121,74,1023,7,151,227.8,187.8
Frank Gore*,12,40,SFO,RB,28,16,15,0,0,0,0,0,282,1211,8,31,17,114,0,183,202.5,187.0
Julio Jones,17,41,ATL,WR,22,13,13,0,0,0,0,0,6,56,0,95,54,959,8,150,206.0,175.5
Greg Jennings*,18,42,GNB,WR,28,13,13,0,0,0,0,0,0,0,0,101,67,949,9,149,218.9,182.4
Tony Gonzalez*,4,43,ATL,TE,35,16,16,0,0,0,0,0,0,0,0,116,80,875,7,130,212.5,169.5
Reggie Bush,13,44,MIA,RB,26,15,15,0,0,0,0,0,216,1086,6,52,43,296,1,180,227.2,197.7
Dez Bryant,19,45,DAL,WR,23,15,13,0,0,0,0,0,1,5,0,103,63,928,9,147,211.8,175.8
Dwayne Bowe,20,46,KAN,WR,27,16,14,0,0,0,0,0,1,12,0,142,81,1159,5,147,230.6,186.6
Jermichael Finley,5,47,GNB,TE,24,16,13,0,0,0,0,0,0,0,0,92,55,767,8,127,182.7,152.2
Jason Witten,6,48,DAL,TE,29,16,16,0,0,0,0,0,0,0,0,117,79,942,5,124,205.7,162.7
Mark Sanchez,10,49,NYJ,QB,25,16,16,308,543,3474,26,18,37,103,6,0,0,0,0,255,272.3,261.3
Steve Johnson,21,50,BUF,WR,25,16,16,0,0,0,0,0,0,0,0,134,76,1004,7,142,221.4,180.4
Fred Jackson,14,51,BUF,RB,30,10,10,0,0,0,0,0,170,934,6,50,39,442,0,174,217.6,191.1
Matt Forte*,15,52,CHI,RB,26,12,12,0,1,0,0,0,203,997,3,76,52,490,1,173,229.7,196.7
Antonio Gates*,7,53,SDG,TE,31,13,13,0,0,0,0,0,0,0,0,88,64,778,7,120,186.8,151.8
Chris Johnson,16,54,TEN,RB,26,16,16,0,0,0,0,0,262,1047,4,79,57,418,0,171,232.0,196.0
Beanie Wells,17,55,ARI,RB,23,14,14,0,0,0,0,0,245,1047,10,16,10,52,0,170,180.9,170.9
Pierre Garcon,22,56,IND,WR,25,16,16,0,0,0,0,0,4,28,0,134,70,947,6,134,205.5,166.5
Vernon Davis,8,57,SFO,TE,27,16,16,0,0,0,0,0,2,-5,0,95,67,792,6,115,183.2,145.2
Shonn Greene,18,58,NYJ,RB,26,16,15,0,0,0,0,0,253,1054,6,41,30,211,0,163,198.0,176.5
Torrey Smith,23,59,BAL,WR,22,16,14,0,0,0,0,0,4,39,0,95,50,841,7,130,182.5,154.0
Dustin Keller,9,60,NYJ,TE,27,16,12,0,0,0,0,0,0,0,0,115,65,815,5,112,179.0,143.0
Rashard Mendenhall,19,61,PIT,RB,24,15,15,0,0,0,0,0,228,928,9,28,18,154,0,162,185.7,170.2
Brent Celek,10,62,PHI,TE,26,16,16,0,0,0,0,0,0,0,0,98,62,811,5,111,176.1,142.1
Brandon Lloyd,24,63,2TM,WR,30,15,14,0,1,0,0,0,0,0,0,148,70,966,5,129,199.1,160.6
Michael Vick,11,64,PHI,QB,31,13,13,253,423,3303,18,14,76,589,1,0,0,0,0,241,256.0,245.0
Ahmad Bradshaw,20,65,NYG,RB,25,12,9,0,0,0,0,0,171,659,9,44,34,267,2,161,200.1,176.6
Antonio Brown*,25,66,PIT,WR,23,16,3,0,0,0,0,0,7,41,0,124,69,1108,2,127,204.9,167.4
Brandon Pettigrew,11,67,DET,TE,26,16,16,0,0,0,0,0,0,0,0,126,83,777,5,108,193.7,149.2
Jabar Gaffney,26,68,WAS,WR,31,16,15,0,0,0,0,0,0,0,0,114,68,947,5,125,195.2,157.7
Willis McGahee*,21,69,DEN,RB,30,15,14,0,0,0,0,0,249,1199,4,20,12,51,1,157,170.0,159.0
DeSean Jackson,27,70,PHI,WR,25,15,15,0,0,0,0,0,7,41,0,104,58,961,4,124,184.7,152.2
Darrius Heyward-Bey,28,71,OAK,WR,24,15,14,0,0,0,0,0,0,0,0,115,64,975,4,122,188.0,152.5
Reggie Wayne,29,72,IND,WR,33,16,16,0,0,0,0,0,0,0,0,132,75,960,4,120,198.0,157.5
Mike Tolbert,22,73,SDG,RB,26,15,1,0,0,0,0,0,121,490,8,79,54,433,2,152,211.3,177.3
Cedric Benson,23,74,CIN,RB,29,15,15,0,0,0,0,0,273,1067,6,22,15,82,0,151,166.4,153.4
Santonio Holmes,30,75,NYJ,WR,27,16,16,0,0,0,0,0,3,27,0,101,51,654,8,116,169.1,139.6
Marquis Johnson,3,76,STL,,23,3,0,0,0,0,0,0,0,0,0,0,0,0,0,,,
Korey Hall,2,77,NOR,,28,13,0,0,0,0,0,0,0,0,0,0,0,0,0,,,
Ryan Fitzpatrick,12,78,BUF,QB,29,16,16,353,569,3832,24,23,56,215,0,0,0,0,0,229,252.3,242.8
Ben Roethlisberger*,13,,PIT,QB,29,15,15,324,513,4077,21,14,31,70,0,0,0,0,0,226,238.6,231.1
Josh Freeman,14,,TAM,QB,23,15,15,346,551,3592,16,22,55,238,4,1,0,-4,0,225,238.6,228.1
Alex Smith,15,,SFO,QB,27,16,16,273,445,3144,17,5,52,179,2,0,0,0,0,216,223.2,213.7
Joe Flacco,16,,BAL,QB,26,16,16,312,542,3610,20,12,39,88,1,1,1,-8,0,214,224.9,215.9
Andy Dalton*,18,,CIN,QB,24,16,16,300,516,3398,20,13,37,152,1,1,0,0,0,213,227.6,219.1
Tim Tebow,17,,DEN,QB,24,14,11,126,271,1729,12,6,122,660,6,0,0,0,0,213,216.2,203.2
Matt Hasselbeck,19,,TEN,QB,36,16,16,319,518,3571,18,14,20,52,0,0,0,0,0,192,207.0,202.0
Tarvaris Jackson,20,,SEA,QB,28,15,14,271,450,3091,14,13,40,108,1,0,0,0,0,172,184.9,174.4
Colt McCoy,22,,CLE,QB,25,13,13,265,463,2733,14,11,61,212,0,1,1,-5,0,166,176.5,164.5
Matt Moore,21,,MIA,QB,27,13,12,210,347,2497,16,9,32,65,2,0,0,0,0,166,169.4,159.4
Matt Schaub,23,,HOU,QB,30,10,10,178,292,2479,15,6,15,9,2,0,0,0,0,160,167.6,163.1
Rex Grossman,24,,WAS,QB,31,13,13,265,458,3151,16,20,20,11,1,0,0,0,0,159,176.1,169.1
BenJarvus Green-Ellis,24,,NWE,RB,26,16,6,0,0,0,0,0,181,667,11,13,9,159,0,149,163.6,153.1
Jonathan Stewart,25,,CAR,RB,24,16,3,0,0,0,0,0,142,761,4,61,47,413,1,147,199.9,169.9
Jay Cutler,25,,CHI,QB,28,10,10,182,314,2319,13,7,18,55,1,0,0,0,0,142,148.8,142.3
DeAngelo Williams,26,,CAR,RB,28,16,14,0,0,0,0,0,155,836,7,25,16,135,0,139,161.1,147.1
Carson Palmer,26,,OAK,QB,32,10,9,199,328,2753,13,16,16,20,1,0,0,0,0,138,156.1,152.1
Pierre Thomas,27,,NOR,RB,27,16,7,0,0,0,0,0,110,562,5,59,50,425,1,137,189.7,157.7
Ben Tate,28,,HOU,RB,23,15,2,0,0,0,0,0,175,942,4,19,13,98,0,128,142.0,130.5
Blaine Gabbert,27,,JAX,QB,22,15,14,210,413,2214,12,11,48,98,0,0,0,0,0,124,131.4,121.4
LeGarrette Blount,29,,TAM,RB,25,14,14,0,0,0,0,0,184,781,5,25,15,148,0,123,141.4,125.4
Christian Ponder,28,,MIN,QB,23,11,10,158,291,1853,13,13,28,219,0,0,0,0,0,122,138.0,129.0
Roy Helu,31,,WAS,RB,23,15,5,0,0,0,0,0,151,640,2,59,49,379,1,120,173.9,142.4
Brandon Jacobs,32,,NYG,RB,29,14,6,0,0,0,0,0,152,571,7,23,15,128,1,120,139.4,124.4
DeMarco Murray,30,,DAL,RB,23,13,7,0,0,0,0,0,164,897,2,35,26,183,0,120,151.5,132.0
C.J. Spiller,33,,BUF,RB,24,16,11,0,0,0,0,0,107,561,4,54,39,269,2,119,163.0,136.5
Malcom Floyd,32,,SDG,WR,30,12,9,0,0,0,0,0,0,0,0,70,43,856,5,116,161.6,137.1
Jeremy Maclin,31,,PHI,WR,23,13,13,0,0,0,0,0,1,1,0,96,63,859,5,116,181.5,146.5
Lance Moore,33,,NOR,WR,28,14,7,0,0,0,0,0,0,0,0,73,52,627,8,115,169.7,140.7
Michael Crabtree,34,,SFO,WR,24,15,14,0,0,0,0,0,1,6,0,115,72,874,4,114,189.0,150.0
Plaxico Burress,36,,NYJ,WR,34,16,13,0,0,0,0,0,0,0,0,96,45,612,8,109,157.2,131.7
Eric Decker,35,,DEN,WR,24,16,13,0,1,0,0,0,1,1,0,96,44,612,8,109,161.8,136.3
Anquan Boldin,37,,BAL,WR,31,14,14,0,0,0,0,0,0,0,0,106,57,887,3,107,166.2,134.2
Kevin Kolb,30,,ARI,QB,27,9,9,146,253,1955,9,8,17,65,0,0,0,0,0,107,111.7,104.7
Darren McFadden,34,,OAK,RB,24,7,7,0,0,0,0,0,113,614,4,23,19,154,1,107,131.3,115.3
John Skelton,29,,ARI,QB,23,8,7,151,275,1913,11,14,28,128,0,0,0,0,0,107,123.3,115.3
James Jones,39,,GNB,WR,27,16,0,0,0,0,0,0,0,0,0,55,38,635,7,106,146.0,123.5
Denarius Moore,38,,OAK,WR,23,13,10,0,0,0,0,0,5,61,1,76,33,618,5,106,139.4,119.4
Doug Baldwin,40,,SEA,WR,23,16,1,0,0,0,0,0,1,-2,0,85,51,788,4,103,156.6,128.1
Donald Brown,35,,IND,RB,24,16,2,0,0,0,0,0,134,645,5,19,16,86,0,103,122.1,111.1
Nate Burleson,41,,DET,WR,30,16,11,0,0,0,0,0,11,85,0,110,73,757,3,102,177.7,137.7
Sam Bradford,31,,STL,QB,24,10,10,191,357,2164,6,6,18,26,0,0,0,0,0,101,105.2,97.2
Ryan Grant,36,,GNB,RB,29,15,14,0,0,0,0,0,134,559,2,24,19,268,1,101,124.7,108.2
Miles Austin,43,,DAL,WR,27,10,10,0,0,0,0,0,2,3,0,73,43,579,7,100,145.7,120.7
Deion Branch,44,,NWE,WR,32,15,15,0,0,0,0,0,0,0,0,90,51,702,5,100,154.2,125.7
Matt Cassel,32,,KAN,QB,29,9,9,160,269,1713,10,9,25,99,0,1,1,-4,0,100,110.5,104.5
Robert Meachem,45,,NOR,WR,27,16,8,0,0,0,0,0,4,18,0,60,40,620,6,100,142.8,119.8
Titus Young,42,,DET,WR,22,16,9,0,0,0,0,0,2,15,0,86,48,607,6,100,150.7,123.2
Early Doucet,47,,ARI,WR,26,16,6,0,0,0,0,0,0,0,0,97,54,689,5,99,155.4,124.9
Jerome Simpson,48,,CIN,WR,25,16,14,0,0,0,0,0,0,0,0,105,50,725,4,99,149.5,121.5
Mike Williams,46,,TAM,WR,24,16,15,0,0,0,0,0,1,3,0,124,65,771,3,99,162.4,125.9
Fred Davis,12,,WAS,TE,25,12,12,0,0,0,0,0,0,0,0,88,59,796,3,98,159.1,126.1
David Nelson,49,,BUF,WR,25,16,13,0,0,0,0,0,0,0,0,97,61,658,5,98,159.8,126.3
Toby Gerhart,37,,MIN,RB,24,16,5,0,0,0,0,0,109,531,1,28,23,190,3,96,124.6,106.6
Jermaine Gresham*,13,,CIN,TE,23,14,13,0,0,0,0,0,0,0,0,92,56,596,6,96,154.1,122.6
Dexter McCluster,50,,KAN,WR,22,16,4,0,0,0,0,0,114,516,1,64,46,328,1,96,146.4,115.4
Kevin Smith,38,,DET,RB,25,7,4,0,0,0,0,0,72,356,4,28,22,179,3,96,123.0,105.5
Jared Cook,15,,TEN,TE,24,16,5,0,0,0,0,0,0,0,0,81,49,759,3,94,144.9,116.4
Kellen Winslow,14,,TAM,TE,28,16,15,0,0,0,0,0,0,0,0,123,75,763,2,94,169.3,127.8
Steve Breaston,51,,KAN,WR,28,16,13,0,0,0,0,0,1,25,0,98,61,785,2,93,157.0,123.5
LaDainian Tomlinson,39,,NYJ,RB,32,14,1,0,0,0,0,0,75,280,1,61,42,449,2,91,138.9,111.9
Peyton Hillis,40,,CLE,RB,25,10,9,0,0,0,0,0,161,587,3,34,22,130,0,90,116.7,98.7
Kyle Orton,33,,2TM,QB,29,9,8,150,252,1758,9,9,11,13,0,0,0,0,0,90,99.6,94.6
Damian Williams,52,,TEN,WR,23,15,13,0,0,0,0,0,0,0,0,94,45,592,5,89,137.2,111.7
Jahvid Best,42,,DET,RB,22,6,6,0,0,0,0,0,84,390,2,40,27,287,1,86,118.7,99.2
Owen Daniels,16,,HOU,TE,29,15,15,0,0,0,0,0,0,0,0,85,54,677,3,86,142.7,112.7
Felix Jones,43,,DAL,RB,24,12,8,0,0,0,0,0,127,575,1,45,33,221,0,86,122.1,97.1
Greg Olsen,41,,CAR,RB,26,16,13,0,0,0,0,0,0,0,0,89,45,540,5,86,133.5,107.5
Jason Campbell,34,,OAK,QB,30,6,6,100,165,1170,6,4,18,60,2,0,0,0,0,85,86.3,81.8
Johnny Knox,53,,CHI,WR,25,14,11,0,0,0,0,0,0,0,0,69,37,727,2,85,124.2,102.2
James Starks,44,,GNB,RB,25,13,2,0,0,0,0,0,133,578,1,37,29,216,0,85,119.4,97.9
Jake Ballard,17,,NYG,TE,24,14,13,0,0,0,0,0,0,0,0,61,38,604,4,84,125.4,103.4
Greg Little,54,,CLE,WR,22,16,12,0,0,0,0,0,3,15,0,119,61,709,2,84,148.4,114.9
Marion Barber,45,,CHI,RB,28,11,1,0,0,0,0,0,114,422,6,9,5,50,0,83,90.7,84.7
Ed Dickson,18,,BAL,TE,24,16,16,0,0,0,0,0,0,0,0,89,54,528,5,83,139.8,109.8
Mark Ingram,46,,NOR,RB,22,10,4,0,0,0,0,0,122,474,5,13,11,46,0,82,95.5,86.5
Santana Moss,55,,WAS,WR,32,12,12,0,0,0,0,0,0,0,0,95,46,584,4,82,131.4,105.4
Donald Driver,56,,GNB,WR,36,16,15,0,0,0,0,0,0,0,0,56,37,445,6,81,120.5,99.0
Curtis Painter,35,,IND,QB,26,9,8,132,243,1541,6,9,17,107,0,0,0,0,0,80,90.8,82.3
Demaryius Thomas,57,,DEN,WR,24,11,5,0,1,0,0,0,1,5,0,70,32,551,4,80,114.6,95.6
Jackie Battle,48,,KAN,RB,28,15,4,0,0,0,0,0,149,597,2,13,9,68,0,79,90.5,83.0
Kendall Hunter,47,,SFO,RB,23,16,1,0,0,0,0,0,112,473,2,26,16,195,0,79,100.3,85.8
Brandon LaFell,58,,CAR,WR,25,16,6,0,0,0,0,0,0,0,0,56,36,613,3,79,118.3,97.3
Josh Cribbs,49,,CLE,RB,28,16,7,0,0,0,0,0,7,25,0,67,41,518,4,78,126.8,101.8
Mario Manningham,59,,NYG,WR,25,12,10,0,0,0,0,0,0,0,0,77,39,523,4,76,118.3,95.8
Heath Miller,19,,PIT,TE,29,16,16,0,0,0,0,0,1,6,0,74,51,631,2,76,129.2,100.2
Dezmon Briscoe,60,,TAM,WR,22,16,2,0,0,0,0,0,0,0,0,51,35,387,6,75,112.7,92.2
Scott Chandler,21,,BUF,TE,26,14,9,0,0,0,0,0,0,0,0,46,38,389,6,75,115.4,92.9
Anthony Fasano,20,,MIA,TE,27,15,15,0,0,0,0,0,0,0,0,54,32,451,5,75,110.1,91.1
Jason Avant,50,,PHI,RB,28,16,7,0,0,0,0,0,0,0,0,81,52,679,1,74,127.9,97.9
Isaac Redman,51,,PIT,RB,27,16,1,0,0,0,0,0,110,479,3,22,18,78,0,74,93.7,80.7
Davone Bess,63,,MIA,WR,26,16,4,0,0,0,0,0,2,9,0,86,51,537,3,73,124.1,93.1
Preston Parker,62,,TAM,WR,24,16,0,0,0,0,0,0,1,-3,0,65,40,554,3,73,112.1,85.1
Andre Roberts,61,,ARI,WR,23,16,16,0,0,0,0,0,3,27,0,98,51,586,2,73,126.8,97.8
Tony Scheffler,22,,DET,TE,28,15,5,0,0,0,0,0,1,5,0,43,26,347,6,73,101.7,85.2
Joel Dreessen,23,,HOU,TE,29,16,10,0,0,0,0,0,0,0,0,39,28,353,6,71,102.3,85.3
Daniel Thomas,52,,MIA,RB,24,13,2,0,0,0,0,0,165,581,0,16,12,72,1,71,85.3,75.3
Jeremy Shockey,24,,CAR,TE,31,15,13,0,0,0,0,0,0,0,0,62,37,455,4,70,108.5,86.0
Lance Ball,53,,DEN,RB,26,16,0,0,0,0,0,0,96,402,1,32,16,148,1,67,88.0,73.0
Maurice Morris,54,,DET,RB,32,16,5,0,0,0,0,0,80,316,1,35,26,230,1,67,98.1,78.6
Michael Jenkins,66,,MIN,WR,29,11,7,0,0,0,0,0,0,0,0,55,38,466,3,65,104.6,81.6
Jacoby Jones,65,,HOU,WR,27,16,10,0,0,0,0,0,4,17,0,65,31,512,2,65,103.9,84.4
Donovan McNabb,36,,MIN,QB,35,6,6,94,156,1026,4,2,14,59,1,0,0,0,0,65,68.9,64.9
Dan Orlovsky,37,,IND,QB,28,8,5,122,193,1201,6,4,6,5,0,0,0,0,0,65,68.0,61.5
Kevin Walter,64,,HOU,WR,30,15,14,0,0,0,0,0,0,0,0,59,39,474,3,65,107.4,84.9
Ricky Williams,55,,BAL,RB,34,16,0,0,0,0,0,0,108,444,2,20,13,83,0,65,79.7,69.2
Devery Henderson,67,,NOR,WR,29,16,13,0,0,0,0,0,1,9,0,50,32,503,2,63,97.7,78.2
Sidney Rice,68,,SEA,WR,25,9,9,1,1,55,0,0,2,3,0,57,32,484,2,63,97.4,77.9
Roy Williams,69,,CHI,WR,30,15,9,0,0,0,0,0,0,0,0,63,37,507,2,63,102.7,81.2
Brian Hartline,71,,MIA,WR,25,16,10,0,0,0,0,0,1,9,0,66,35,549,1,62,99.8,79.3
Andre Johnson,70,,HOU,WR,30,7,7,0,0,0,0,0,1,8,0,51,33,492,2,62,98.0,78.5
Arrelious Benn,72,,TAM,WR,23,14,14,0,0,0,0,0,6,-7,0,51,30,441,3,61,94.4,76.4
Danny Woodhead,56,,NWE,RB,26,15,4,0,0,0,0,0,77,351,1,31,18,157,0,61,84.3,68.8
Chad Henne,38,,MIA,QB,26,4,4,64,112,868,4,4,15,112,1,0,0,0,0,60,69.4,62.9
Bernard Scott,57,,CIN,RB,27,16,1,0,1,0,0,0,112,380,3,17,13,38,0,60,75.8,66.3
Joseph Addai,58,,IND,RB,28,12,11,0,0,0,0,0,118,433,1,22,15,93,0,59,76.1,65.1
Austin Collie,73,,IND,WR,26,16,5,0,0,0,0,0,0,0,0,96,54,514,1,59,114.4,84.4
Ben Obomanu,74,,SEA,WR,28,16,7,0,0,0,0,0,1,13,0,61,37,436,2,59,96.9,75.4
Dennis Pitta,26,,BAL,TE,26,16,2,0,0,0,0,0,0,0,0,56,40,405,3,59,101.5,78.5
Visanthe Shiancoe,25,,MIN,TE,31,16,14,0,0,0,0,0,0,0,0,70,36,409,3,59,97.9,76.9
Golden Tate,75,,SEA,WR,23,16,5,0,0,0,0,0,5,14,0,58,35,382,3,58,95.1,74.1
Chris Ogbonnaya,59,,2TM,RB,25,13,4,0,0,0,0,0,76,340,1,31,23,165,0,57,84.5,66.0
Harry Douglas,76,,ATL,WR,27,16,4,0,0,0,0,0,1,3,0,62,39,498,1,56,98.1,75.6
Evan Moore,27,,CLE,TE,26,16,4,0,0,0,0,0,0,0,0,46,34,324,4,56,93.4,73.4
Legedu Naanee,60,,CAR,RB,28,15,10,1,1,27,0,0,0,0,0,76,44,467,1,56,100.8,75.8
Danario Alexander,77,,STL,WR,25,10,5,0,0,0,0,0,0,0,0,60,26,431,2,55,84.1,68.1
Kevin Boss,28,,OAK,TE,27,14,11,0,0,0,0,0,0,0,0,40,28,368,3,55,85.8,68.8
Jason Hill,78,,JAX,WR,26,10,10,0,0,0,0,0,0,0,0,55,25,367,3,55,82.7,67.2
Devin Aromashodu,80,,MIN,WR,27,16,6,0,0,0,0,0,0,0,0,84,26,468,1,53,81.3,64.8
John Beck,39,,WAS,QB,30,4,3,80,132,858,2,4,10,43,2,0,0,0,0,53,58.1,53.6
Kahlil Bell,62,,CHI,RB,25,13,3,0,0,0,0,0,79,337,0,23,19,133,1,53,76.5,59.5
Lavelle Hawkins,79,,TEN,WR,25,16,2,0,0,0,0,0,0,0,0,77,47,470,1,53,102.5,75.5
Marcel Reece,61,,OAK,RB,26,12,6,0,0,0,0,0,17,112,0,36,27,301,2,53,85.8,65.8
Ben Watson,29,,CLE,TE,31,13,11,0,0,0,0,0,0,0,0,70,37,410,2,53,93.0,71.5
Delone Carter,67,,IND,RB,24,16,3,0,0,0,0,0,101,377,2,8,5,18,0,52,58.0,51.0
Tim Hightower,65,,WAS,RB,25,5,5,0,0,0,0,0,84,321,1,15,10,78,1,52,64.9,56.9
Thomas Jones,64,,KAN,RB,33,16,8,0,0,0,0,0,153,478,0,7,5,43,0,52,60.1,54.6
John Kuhn*,66,,GNB,RB,29,16,3,0,0,0,0,0,30,78,4,18,15,77,2,52,66.0,58.0
LaRod Stephens-Howling,63,,ARI,RB,24,14,1,0,0,0,0,0,43,167,0,17,13,234,2,52,71.1,58.6
Kellen Davis,30,,CHI,TE,26,16,15,0,0,0,0,0,0,0,0,35,18,206,5,51,71.6,59.6
Brandon Gibson,81,,STL,WR,24,15,9,0,0,0,0,0,2,16,0,71,36,431,1,51,89.7,68.7
Stevan Ridley,69,,NWE,RB,22,16,2,0,0,0,0,0,87,441,1,5,3,13,0,51,56.9,51.9
Jacquizz Rodgers,70,,ATL,RB,21,16,0,0,0,0,0,0,57,205,1,27,21,188,1,51,77.8,60.8
Joe Webb,40,,MIN,QB,25,11,1,34,63,376,3,2,22,154,2,5,1,9,0,51,59.8,52.8
Cadillac Williams,68,,STL,RB,29,11,1,0,0,0,0,0,87,361,1,23,14,93,0,51,67.9,57.4
Andre Caldwell,84,,CIN,WR,26,13,2,0,0,0,0,0,0,0,0,68,37,317,3,50,89.7,68.2
Mohamed Massaquoi,82,,CLE,WR,25,14,13,0,0,0,0,0,0,0,0,74,31,384,2,50,84.4,65.9
Hines Ward,83,,PIT,WR,35,15,9,0,0,0,0,0,0,0,0,63,46,381,2,50,98.6,72.1
T.J. Yates,41,,HOU,QB,24,6,5,82,134,949,3,3,14,57,0,0,0,0,0,50,53.2,47.7
Jake Locker,42,,TEN,QB,23,5,0,34,66,542,4,0,8,56,1,0,0,0,0,49,52.3,49.3
Mike Thomas,85,,JAX,WR,24,15,13,0,0,0,0,0,3,11,0,91,44,415,1,49,95.1,69.6
Kenny Britt,86,,TEN,WR,23,3,3,0,0,0,0,0,0,0,0,26,17,289,3,47,66.4,54.4
Dallas Clark,31,,IND,TE,32,11,10,0,0,0,0,0,0,0,0,65,34,352,2,47,83.7,63.2
Jeff King,32,,ARI,TE,28,16,10,0,0,0,0,0,0,0,0,34,27,271,3,47,75.1,58.6
Matt Flynn,43,,GNB,QB,26,5,1,33,49,518,6,2,13,-6,1,0,0,0,0,46,50.6,47.1
Marcedes Lewis,33,,JAX,TE,27,15,15,0,0,0,0,0,0,0,0,85,39,460,0,46,88.0,65.5
Vincent Brown,89,,SDG,WR,22,14,4,0,0,0,0,0,0,0,0,40,19,329,2,45,66.9,54.4
Dane Sanzenbacher,88,,CHI,WR,23,16,1,0,0,0,0,0,1,-4,0,54,27,276,3,45,75.2,58.7
Kyle Williams,87,,SFO,WR,23,13,1,0,0,0,0,0,2,32,0,31,20,241,3,45,67.3,53.3
Earl Bennett,90,,CHI,WR,24,11,4,0,0,0,0,0,0,0,0,43,24,381,1,44,70.6,55.1
Randall Cobb,91,,GNB,WR,21,15,0,0,1,0,0,0,2,5,0,31,25,375,1,44,82.5,65.5
Daniel Fells,34,,DEN,TE,28,16,15,0,0,0,0,0,0,0,0,31,19,256,3,44,64.6,51.1
Jeremy Kerley,92,,NYJ,WR,23,14,1,1,1,41,0,0,5,28,0,47,29,314,1,44,72.3,53.3
Chris Ivory,71,,NOR,RB,23,6,2,0,0,0,0,0,79,374,1,1,0,0,0,43,46.4,43.4
Javon Ringer,72,,TEN,RB,24,12,0,0,0,0,0,0,59,185,1,36,28,187,0,43,76.7,56.2
Kyle Rudolph,35,,MIN,TE,22,15,8,0,0,0,0,0,0,0,0,39,26,249,3,43,71.9,55.9
Brad Smith,94,,BUF,WR,28,15,5,0,1,0,0,1,20,87,1,42,23,240,1,43,69.7,55.2
Donte' Stallworth,93,,WAS,WR,31,11,0,0,0,0,0,0,2,1,0,38,22,309,2,43,68.0,54.0
Devin Hester,95,,CHI,WR,29,16,8,0,0,0,0,0,1,-6,0,56,26,369,1,42,86.8,68.3
Charles Clay,73,,MIA,RB,22,14,9,0,0,0,0,0,0,0,0,25,16,233,3,41,60.3,49.3
Emmanuel Sanders,96,,PIT,WR,24,11,0,1,1,15,0,0,0,0,0,43,22,288,2,41,66.4,52.4
Chaz Schilens,97,,OAK,WR,26,15,5,0,0,0,0,0,0,0,0,34,23,271,2,41,65.1,50.6
Vince Young,44,,PHI,QB,28,6,3,66,114,866,4,9,18,79,0,0,0,0,0,41,51.5,47.5
Kregg Lumpkin,75,,TAM,RB,27,16,0,0,0,0,0,0,31,105,0,53,41,291,0,40,86.6,60.1
Evan Royster,74,,WAS,RB,24,6,2,0,0,0,0,0,56,328,0,14,9,68,0,40,51.6,44.1
Montario Hardesty,78,,CLE,RB,24,10,4,0,0,0,0,0,88,266,0,21,14,122,0,39,58.3,44.8
Jason Snelling,77,,ATL,RB,28,15,0,0,0,0,0,0,44,151,0,32,26,179,1,39,71.0,52.0
Danny Ware,76,,NYG,RB,26,16,1,0,0,0,0,0,46,163,0,37,27,170,0,39,70.3,50.8
Kellen Clemens,45,,STL,QB,28,3,3,48,91,546,2,1,6,37,1,1,0,0,0,38,40.5,36.5
Riley Cooper,98,,PHI,WR,24,16,3,0,0,0,0,0,0,0,0,35,16,315,1,38,56.5,45.5
Delanie Walker,36,,SFO,TE,27,15,7,0,0,0,0,0,3,5,0,35,19,198,3,38,59.8,46.8
Keiland Williams,79,,DET,RB,25,15,0,0,0,0,0,0,58,195,2,8,8,62,0,38,47.7,39.7
Jacoby Ford,100,,OAK,WR,24,8,3,0,0,0,0,0,4,31,0,33,19,279,1,37,63.5,49.5
Earnest Graham,80,,TAM,RB,31,7,2,0,0,0,0,0,37,206,0,31,26,163,0,37,68.4,48.9
Louis Murphy,99,,OAK,WR,24,11,1,0,0,0,0,0,6,69,1,33,15,241,0,37,55.0,44.5
Jerricho Cotchery,101,,PIT,WR,29,13,0,0,0,0,0,0,1,3,0,30,16,237,2,36,55.0,44.0
Knowshon Moreno,81,,DEN,RB,24,7,2,0,0,0,0,0,37,179,0,15,11,101,1,36,50.5,38.5
Seneca Wallace,46,,CLE,QB,31,6,3,55,107,567,2,2,7,70,0,1,1,21,0,36,41.3,37.3
Leon Washington,82,,SEA,RB,29,16,1,0,0,0,0,0,53,248,1,14,10,48,0,36,47.6,38.6
Jarett Dillard,102,,JAX,WR,26,14,5,0,0,0,0,0,0,0,0,50,29,292,1,35,66.7,48.7
Tashard Choice,83,,3TM,RB,27,13,1,0,0,0,0,0,57,152,1,30,19,124,0,34,55.6,37.1
Todd Heap,38,,ARI,TE,31,10,4,0,0,0,0,0,0,0,0,36,24,283,1,34,61.3,46.3
Chad Johnson,103,,NWE,WR,33,15,3,0,0,0,0,0,0,0,0,32,15,276,1,34,51.6,41.1
Lance Kendricks,37,,STL,TE,23,15,10,0,0,0,0,0,1,-8,0,58,28,352,0,34,64.9,47.4
James Casey,85,,HOU,RB,27,14,7,0,0,0,0,0,1,11,0,24,18,260,1,33,54.1,42.1
Justin Forsett,84,,SEA,RB,26,16,0,0,0,0,0,0,46,145,1,34,23,128,0,33,62.3,44.8
Jordan Norwood,104,,CLE,WR,25,14,4,0,0,0,0,0,0,0,0,34,23,268,1,33,58.3,43.3
Matt Willis,105,,DEN,WR,27,16,0,0,0,0,0,0,0,0,0,36,18,267,1,33,52.7,39.7
Mewelde Moore,86,,PIT,RB,29,12,0,0,0,0,0,0,22,157,0,14,11,104,1,32,48.1,35.6
Naaman Roosevelt,106,,BUF,WR,24,10,0,0,0,0,0,0,0,0,0,26,16,257,1,32,50.7,39.7
Jonathan Baldwin,107,,KAN,WR,22,11,3,0,0,0,0,0,0,0,0,52,21,254,1,31,55.4,41.9
Patrick Crayton,109,,SDG,WR,32,14,1,0,0,0,0,0,0,0,0,34,23,248,1,31,55.8,40.3
Derek Hagan,108,,2TM,WR,27,10,3,0,0,0,0,0,0,0,0,42,24,252,1,31,58.2,43.2
Leonard Pope,39,,KAN,TE,28,16,10,0,0,0,0,0,0,0,0,34,24,247,1,31,57.7,42.7
Brian Leonard,87,,CIN,RB,27,13,0,0,0,0,0,0,17,85,0,31,22,210,0,30,54.5,40.5
Mike Williams,110,,SEA,WR,27,12,10,0,0,0,0,0,0,0,0,38,18,236,1,30,50.6,38.6
Jed Collins,88,,NOR,RB,25,16,11,0,0,0,0,0,4,4,2,14,11,50,2,29,40.4,34.9
Ted Ginn,112,,SFO,WR,26,14,3,0,0,0,0,0,8,68,0,33,19,220,0,29,62.8,50.3
Andrew Hawkins,113,,CIN,WR,25,13,0,0,0,0,0,0,5,25,0,34,23,263,0,29,54.8,40.3
Donald Jones,111,,BUF,WR,24,8,7,0,0,0,0,0,1,2,0,46,23,231,1,29,55.3,40.8
Caleb Hanie,47,,CHI,QB,26,6,4,51,102,613,3,9,13,98,0,0,0,0,0,28,39.8,36.3
Josh Morgan,115,,SFO,WR,26,5,5,0,0,0,0,0,0,0,0,20,15,220,1,28,46.0,35.5
Ryan Torain,89,,WAS,RB,25,8,4,0,0,0,0,0,59,200,1,9,6,23,0,28,36.8,30.3
Chastin West,114,,JAX,WR,24,12,1,0,0,0,0,0,0,0,0,27,13,163,2,28,44.3,34.8
Joe McKnight,91,,NYJ,RB,23,15,0,0,0,0,0,0,43,134,0,18,13,139,0,27,50.8,36.8
Randy McMichael,40,,SDG,TE,32,16,14,0,0,0,0,0,0,0,0,44,30,271,0,27,60.1,42.1
Tyler Palko,48,,KAN,QB,28,6,4,80,134,796,2,7,5,15,0,0,0,0,0,27,36.8,33.3
Greg Salas,116,,STL,WR,23,6,0,0,0,0,0,0,1,8,0,38,27,264,0,27,55.7,37.7
Derrick Ward,90,,HOU,RB,31,12,1,0,0,0,0,0,45,154,2,1,0,0,0,27,30.4,27.4
Eddie Royal,117,,DEN,WR,25,12,8,0,0,0,0,0,7,48,0,50,19,155,1,26,54.3,41.8
Kerry Collins,50,,IND,QB,39,3,3,48,98,481,2,1,2,-1,0,0,0,0,0,25,27.1,22.1
Deji Karim,93,,JAX,RB,25,12,0,0,0,0,0,0,63,130,0,19,14,120,0,25,44.5,31.0
Le'Ron McClain,92,,KAN,RB,27,16,10,0,0,0,0,0,15,51,1,22,14,82,1,25,39.3,32.3
Josh McCown,49,,CHI,QB,32,3,2,35,55,414,2,4,12,68,0,0,0,0,0,25,31.4,27.4
Austin Pettis,118,,STL,WR,23,12,3,0,0,0,0,0,1,-6,0,48,27,256,0,25,54.0,36.5
Anthony Armstrong,119,,WAS,WR,28,14,2,0,0,0,0,0,2,19,0,27,7,103,2,24,34.2,27.7
Jacob Tamme,41,,IND,TE,26,16,5,0,0,0,0,0,0,0,0,31,19,177,1,24,45.7,33.2
Darrel Young,94,,WAS,RB,24,13,8,0,0,0,0,0,6,33,1,19,15,146,0,24,41.9,31.4
Zach Miller,42,,SEA,TE,26,15,15,0,0,0,0,0,0,0,0,44,25,233,0,23,51.3,35.8
Craig Stevens,43,,TEN,TE,27,15,11,0,0,0,0,0,0,0,0,14,9,166,1,23,34.6,27.1
Chester Taylor,95,,ARI,RB,32,12,1,0,0,0,0,0,20,77,1,24,14,91,0,23,36.8,29.8
Curtis Brinkley,96,,SDG,RB,26,10,1,0,0,0,0,0,30,101,1,9,7,41,0,22,32.2,25.7
A.J. Feeley,51,,STL,QB,34,5,3,53,97,548,1,2,3,4,0,0,0,0,0,22,25.8,21.3
Clay Harbor,44,,PHI,TE,24,16,3,0,0,0,0,0,0,0,0,19,13,163,1,22,38.3,28.8
Anthony Dixon,97,,SFO,RB,24,16,0,0,0,0,0,0,29,87,2,1,1,6,0,21,22.3,21.8
T.J. Houshmandzadeh,120,,OAK,WR,34,9,0,0,0,0,0,0,0,0,0,19,11,146,1,21,34.6,26.1
Ronnie Brown,99,,PHI,RB,30,16,2,0,0,0,0,0,42,136,1,2,0,0,0,20,22.1,18.6
Jacob Hester,98,,SDG,RB,26,16,3,0,0,0,0,0,28,90,0,18,12,48,1,20,30.8,23.8
Alex Smith,45,,CLE,TE,29,14,4,0,0,0,0,0,0,0,0,25,14,131,1,19,36.1,26.1
Braylon Edwards,123,,SFO,WR,28,9,5,0,0,0,0,0,0,0,0,34,15,181,0,18,36.1,25.6
Leonard Hankerson,122,,WAS,WR,23,4,2,0,0,0,0,0,0,0,0,20,13,163,0,18,34.3,24.8
Alfonso Smith,100,,ARI,RB,24,15,0,0,0,0,0,0,30,102,1,5,3,21,0,18,24.3,19.8
Steve Smith,121,,PHI,WR,26,9,1,0,0,0,0,0,0,0,0,20,11,124,1,18,31.9,22.9
Jesse Holley,125,,DAL,WR,27,16,0,0,0,0,0,0,0,0,0,7,7,169,0,17,26.9,20.4
Josh Johnson,52,,TAM,QB,25,9,1,19,36,246,1,2,11,67,0,2,0,0,0,17,18.0,17.5
Ricardo Lockette,127,,SEA,WR,25,2,0,0,0,0,0,0,0,0,0,4,2,105,1,17,21.5,17.5
Derrick Mason,124,,2TM,WR,37,12,2,0,0,0,0,0,0,0,0,35,19,170,0,17,39.0,26.5
Kevin Ogletree,126,,DAL,WR,24,14,1,0,0,0,0,0,2,3,0,26,15,164,0,17,34.2,23.2
Matt Spaeth,46,,CHI,TE,28,15,8,0,0,0,0,0,0,0,0,11,7,50,2,17,24.0,20.5
Dion Lewis,101,,PHI,RB,21,15,0,0,0,0,0,0,23,102,1,1,1,-3,0,16,19.4,15.4
John Phillips,128,,DAL,WR,24,16,7,0,0,0,0,0,0,0,0,18,15,101,1,16,34.1,23.6
Phillip Tanner,102,,DAL,RB,23,9,0,0,0,0,0,0,22,76,1,2,2,19,0,16,17.5,16.5
Patrick Turner,129,,NYJ,WR,24,15,1,0,0,0,0,0,0,0,0,15,8,96,1,16,23.6,19.6
Travis Beckum,47,,NYG,TE,24,13,0,0,0,0,0,0,0,0,0,10,5,93,1,15,20.3,17.8
Jamaal Charles,103,,KAN,RB,25,2,1,0,0,0,0,0,12,83,0,6,5,9,1,15,19.7,16.7
Lex Hilliard,106,,MIA,RB,27,16,4,0,0,0,0,0,16,41,1,7,5,49,0,15,20.0,17.5
Bryant Johnson,130,,HOU,WR,30,16,0,0,0,0,0,0,1,1,0,12,6,90,1,15,21.1,18.1
David Johnson,105,,PIT,RB,24,16,16,0,0,0,0,0,0,0,0,14,12,91,1,15,27.1,21.1
Anthony McCoy,49,,SEA,TE,24,16,9,0,0,0,0,0,0,0,0,24,13,146,0,15,30.6,21.1
Bruce Miller,104,,SFO,RB,24,15,8,0,0,0,0,0,4,8,0,15,11,83,1,15,25.6,19.6
Ovie Mughelli,108,,ATL,RB,31,7,5,0,0,0,0,0,2,1,0,8,4,25,2,15,18.6,16.6
Brandon Myers,48,,OAK,TE,26,16,7,0,0,0,0,0,0,0,0,27,16,151,0,15,34.1,23.1
Steve Slaton,107,,2TM,RB,25,6,0,0,0,0,0,0,24,84,1,4,3,3,0,15,17.7,16.2
Mike Sims-Walker,131,,2TM,WR,27,6,4,0,0,0,0,0,0,0,0,33,12,150,0,15,30.0,21.0
Charlie Whitehurst,53,,SEA,QB,29,3,2,27,56,298,1,1,4,13,0,0,0,0,0,15,15.2,14.2
David Anderson,133,,2TM,WR,28,6,0,0,0,0,0,0,0,0,0,16,7,79,1,14,20.9,17.4
Terrence Austin,134,,WAS,WR,23,13,0,0,0,0,0,0,0,0,0,26,12,137,0,14,28.2,18.7
Martellus Bennett,50,,DAL,TE,24,14,7,0,0,0,0,0,0,0,0,26,17,144,0,14,34.4,22.9
Jake Delhomme,54,,HOU,QB,36,1,0,18,28,211,1,0,0,0,0,0,0,0,0,14,11.9,11.4
Jamie Harper,111,,TEN,RB,22,13,0,0,0,0,0,0,17,44,1,6,4,32,0,14,17.1,14.6
Jeremiah Johnson,109,,DEN,RB,24,8,0,0,0,0,0,0,14,77,0,9,7,62,0,14,20.9,17.4
Stephen McGee,55,,DAL,QB,26,1,0,24,38,182,1,0,4,28,0,0,0,0,0,14,14.1,14.1
Bear Pascoe,52,,NYG,TE,25,16,11,0,0,0,0,0,0,0,0,16,12,136,0,14,28.6,19.6
Logan Paulsen,51,,WAS,TE,24,16,6,0,0,0,0,0,0,0,0,19,11,138,0,14,27.8,19.3
Michael Robinson*,132,,SEA,WR,28,14,4,0,0,0,0,0,4,7,0,14,9,74,1,14,22.6,17.6
Brandon Saine,110,,GNB,RB,23,8,0,0,0,0,0,0,18,69,0,12,10,69,0,14,23.8,18.8
Lorenzo Booker,112,,MIN,RB,27,15,0,0,0,0,0,0,13,52,0,14,8,82,0,13,19.9,14.4
Jonathan Dwyer,113,,PIT,RB,22,7,0,0,0,0,0,0,16,123,0,1,1,6,0,13,16.9,13.4
Rob Housler,53,,ARI,TE,23,12,2,0,0,0,0,0,0,0,0,26,12,133,0,13,27.8,18.3
Mossis Madu,114,,TAM,RB,24,9,0,0,0,0,0,0,15,55,0,12,10,72,0,13,22.7,17.7
Michael Palmer,54,,ATL,TE,23,16,2,0,0,0,0,0,0,0,0,16,10,72,1,13,23.2,18.2
Greg Camarillo,135,,MIN,WR,29,13,0,0,0,0,0,0,0,0,0,24,9,121,0,12,24.1,16.6
Spencer Larsen,115,,DEN,RB,27,16,6,0,0,0,0,0,14,44,0,9,9,76,0,12,21.0,16.5
Donald Lee,56,,CIN,TE,31,9,4,0,0,0,0,0,0,0,0,13,11,115,0,12,25.5,17.0
Dante Rosario,55,,2TM,TE,27,16,3,0,0,0,0,0,0,0,0,11,7,117,0,12,21.7,15.2
Shane Vereen,116,,NWE,RB,22,5,0,0,0,0,0,0,15,57,1,0,0,0,0,12,11.7,11.7
Donnie Avery,139,,TEN,WR,27,8,0,0,0,0,0,0,0,0,0,11,3,45,1,11,13.5,12.0
John Conner,117,,NYJ,RB,24,16,8,0,0,0,0,0,13,44,1,5,2,9,0,11,13.3,12.3
Terrance Copper,136,,KAN,WR,29,16,2,0,0,0,0,0,0,0,0,12,8,114,0,11,22.4,15.4
Domenik Hixon,137,,NYG,WR,27,2,0,0,0,0,0,0,0,0,0,6,4,50,1,11,15.0,13.0
Sam Hurd,138,,CHI,WR,26,12,0,0,0,0,0,0,0,0,0,15,8,109,0,11,21.4,13.9
Sammy Morris,118,,DAL,RB,34,3,0,0,0,0,0,0,28,98,0,7,5,13,0,11,16.1,13.6
John Clay,120,,PIT,RB,23,2,0,0,0,0,0,0,10,41,1,0,0,0,0,10,10.1,10.1
Colin Cochart,57,,CIN,TE,24,10,3,0,0,0,0,0,0,0,0,9,5,44,1,10,15.4,12.9
Tom Crabtree,59,,GNB,TE,26,16,9,0,0,0,0,0,0,0,0,8,6,38,1,10,15.8,12.8
Taiwan Jones,121,,OAK,RB,23,10,0,0,0,0,0,0,16,73,0,3,2,25,0,10,11.8,10.8
Vonta Leach*+,119,,BAL,RB,30,16,16,0,0,0,0,0,12,35,0,27,15,69,0,10,25.4,17.9
Zach Miller,58,,JAX,TE,27,4,0,0,0,0,0,0,0,0,0,7,4,42,1,10,14.2,12.2
Jerheme Urban,140,,KAN,WR,31,6,1,0,0,0,0,0,1,7,0,13,4,35,1,10,14.2,12.2
Josh Baker,123,,NYJ,RB,25,11,0,0,0,0,0,0,0,0,0,4,3,27,1,9,11.7,10.2
Ramses Barden,141,,NYG,WR,25,8,0,0,0,0,0,0,0,0,0,19,9,94,0,9,18.4,13.9
Bernard Berrian,143,,MIN,WR,31,5,1,0,0,0,0,0,0,0,0,23,7,91,0,9,16.1,12.6
Richie Brockel,125,,CAR,RB,25,11,2,0,0,0,0,0,3,12,1,3,3,13,0,9,11.5,10.0
Keary Colbert,146,,KAN,WR,29,7,0,0,0,0,0,0,0,0,0,12,9,89,0,9,17.4,12.4
Kevin Faulk,122,,NWE,RB,35,7,3,0,0,0,0,0,17,57,0,9,7,34,0,9,16.1,12.6
Daniel Graham,62,,TEN,TE,33,16,7,0,0,0,0,0,0,0,0,5,2,25,1,9,10.5,9.5
Chad Hall,142,,PHI,WR,25,7,0,0,0,0,0,0,3,13,0,9,3,20,1,9,12.3,10.8
Greg Jones,124,,JAX,RB,30,16,9,0,0,0,0,0,2,7,1,9,4,19,0,9,12.6,10.6
Weslye Saunders,61,,PIT,TE,22,16,6,0,0,0,0,0,0,0,0,8,4,29,1,9,12.9,10.9
Cecil Shorts,144,,JAX,WR,24,10,0,0,0,0,0,0,0,0,0,12,2,30,1,9,11.0,10.0
Luke Stocker,60,,TAM,TE,23,14,9,0,0,0,0,0,0,0,0,17,12,92,0,9,21.2,15.2
Eric Weems,145,,ATL,WR,26,16,2,0,0,0,0,0,0,0,0,14,11,90,0,9,20.0,14.5
John Gilmore,63,,NOR,TE,32,14,4,0,0,0,0,0,0,0,0,6,3,20,1,8,11.0,9.5
Michael Hoomanawanui,127,,STL,RB,23,8,8,0,0,0,0,0,0,0,0,13,7,83,0,8,15.3,11.8
Henry Hynoski,126,,NYG,RB,23,11,4,0,0,0,0,0,0,0,0,16,12,83,0,8,20.3,14.3
Ruvell Martin,147,,BUF,WR,29,14,0,0,0,0,0,0,0,0,0,16,7,82,0,8,15.2,11.7
Cameron Morrah,64,,SEA,TE,24,9,4,0,0,0,0,0,1,1,0,13,6,74,0,8,13.5,10.5
Anthony Sherman,128,,ARI,RB,23,15,7,0,0,0,0,0,1,3,0,9,8,72,0,8,15.5,11.5
Billy Bajema,65,,STL,TE,29,16,12,0,0,0,0,0,0,0,0,14,9,71,0,7,16.1,11.6
Brandon Banks,149,,WAS,WR,24,16,0,1,1,49,1,0,1,1,0,1,1,10,0,7,4.6,0.6
Rock Cartwright,130,,OAK,RB,32,15,0,0,0,0,0,0,4,45,0,6,4,24,0,7,10.9,8.9
Chris Cooley,66,,WAS,TE,29,5,5,0,0,0,0,0,2,3,0,13,8,65,0,7,14.8,10.8
Lee Evans,148,,BAL,WR,30,9,2,0,0,0,0,0,0,0,0,26,4,74,0,7,11.4,9.4
Ahmard Hall,129,,TEN,RB,32,12,7,0,0,0,0,0,6,24,0,14,9,46,0,7,15.5,10.5
DuJuan Harris,131,,JAX,RB,23,5,0,0,0,0,0,0,9,42,0,2,1,4,0,7,5.6,5.1
Richard Bartel,57,,ARI,QB,28,2,0,10,22,86,1,1,1,9,0,0,0,0,0,6,7.3,7.3
Charlie Batch,60,,PIT,QB,37,4,1,15,24,208,0,1,3,-2,0,0,0,0,0,6,7.1,7.1
Colin Cloherty,69,,JAX,TE,24,4,1,0,0,0,0,0,0,0,0,8,4,57,0,6,15.7,13.7
Rashied Davis,150,,DET,WR,32,11,0,0,0,0,0,0,0,0,0,5,4,63,0,6,10.3,8.3
Bruce Gradkowski,56,,CIN,QB,28,2,0,8,18,109,1,1,3,1,0,0,0,0,0,6,7.5,7.5
Matt Leinart,58,,HOU,QB,28,2,1,10,13,57,1,0,1,-1,0,0,0,0,0,6,6.2,6.2
Luke McCown,59,,JAX,QB,30,4,2,30,56,296,0,4,7,23,0,0,0,0,0,6,9.1,8.1
Brit Miller,132,,STL,RB,25,12,1,0,0,0,0,0,5,14,0,3,3,41,0,6,8.5,7.0
Matthew Mulligan,68,,NYJ,TE,26,16,9,0,0,0,0,0,0,0,0,9,5,58,0,6,10.8,8.3
Ryan Taylor,67,,GNB,TE,24,15,0,0,0,0,0,0,0,0,0,1,1,4,1,6,7.4,6.9
Armando Allen,136,,CHI,RB,22,2,0,0,0,0,0,0,15,48,0,1,0,0,0,5,4.8,4.8
Danny Amendola,156,,STL,WR,26,1,1,0,0,0,0,0,0,0,0,6,5,45,0,5,9.0,6.0
Deon Butler,152,,SEA,WR,25,5,0,0,0,0,0,0,0,0,0,7,6,51,0,5,11.1,8.1
Tyler Clutts,153,,CHI,WR,27,16,8,0,0,0,0,0,0,0,0,10,8,48,0,5,12.3,7.8
Brody Eldridge,72,,IND,TE,24,13,8,0,0,0,0,0,0,0,0,10,9,45,0,5,13.5,9.0
Jerome Felton,135,,2TM,RB,25,14,3,0,0,0,0,0,3,10,0,7,4,40,0,5,9.0,7.0
Stefan Logan,134,,DET,RB,30,16,1,0,0,0,0,0,9,32,0,1,1,19,0,5,3.1,-0.4
Erik Lorig,133,,TAM,RB,25,16,7,0,0,0,0,0,0,0,0,9,6,53,0,5,11.3,8.3
Jake O'Connell,70,,KAN,TE,26,8,4,0,0,0,0,0,0,0,0,12,7,52,0,5,12.2,8.7
Zach Potter,71,,JAX,TE,25,15,7,0,0,0,0,0,0,0,0,7,5,50,0,5,10.0,7.5
Chris Redman,61,,ATL,QB,34,5,0,18,28,188,0,1,5,-6,0,0,0,0,0,5,5.9,5.9
Matt Slater*,155,,NWE,WR,26,16,3,0,0,0,0,0,0,0,0,3,1,46,0,5,5.1,4.1
Sammie Stroughter,151,,TAM,WR,25,6,0,0,0,0,0,0,0,0,0,7,4,52,0,5,8.7,6.2
LaQuan Williams,154,,BAL,WR,23,12,0,0,0,0,0,0,0,0,0,12,4,46,0,5,7.6,4.6
Kyle Boller,62,,OAK,QB,30,2,1,15,28,161,0,3,9,38,0,0,0,0,0,4,5.7,4.2
Stephen Burton,161,,MIN,WR,22,3,0,0,0,0,0,0,0,0,0,3,2,38,0,4,5.8,4.8
Mike Caussin,74,,BUF,TE,24,6,2,0,0,0,0,0,0,0,0,6,5,41,0,4,9.1,6.6
Jeff Cumberland,77,,NYJ,TE,24,3,0,0,0,0,0,0,0,0,0,5,2,35,0,4,5.5,4.5
Julian Edelman,157,,NWE,WR,25,13,0,0,0,0,0,0,4,8,0,9,4,34,0,4,12.7,9.2
Tony Fiammetta,138,,DAL,RB,25,10,6,0,0,0,0,0,4,4,0,5,3,39,0,4,7.3,5.8
Jerome Harrison,137,,DET,RB,28,4,0,0,0,0,0,0,14,41,0,2,1,3,0,4,5.4,4.9
Will Heller,73,,DET,TE,30,16,7,0,0,0,0,0,0,0,0,12,6,42,0,4,10.2,7.2
Owen Marecic,141,,CLE,RB,23,14,4,0,0,0,0,0,4,8,0,7,5,31,0,4,8.4,5.4
Jerious Norwood,140,,STL,RB,28,9,0,0,1,0,0,1,24,61,0,1,0,0,0,4,5.1,5.1
Kassim Osgood,158,,JAX,WR,31,12,2,0,0,0,0,0,0,0,0,11,5,42,0,4,9.2,6.7
Montell Owens*,139,,JAX,RB,27,13,0,0,0,0,0,0,10,39,0,3,2,2,0,4,6.1,5.1
Zack Pianalto,75,,TAM,TE,22,13,0,0,0,0,0,0,0,0,0,5,4,40,0,4,8.0,6.0
Taylor Price,159,,2TM,WR,24,5,0,0,0,0,0,0,0,0,0,4,2,39,0,4,5.9,4.9
Andrew Quarless,76,,GNB,TE,23,10,2,0,0,0,0,0,0,0,0,4,3,36,0,4,6.6,5.1
DeMarco Sampson,163,,ARI,WR,26,12,0,0,0,0,0,0,0,0,0,8,3,36,0,4,6.6,5.1
Owen Schmitt,142,,PHI,RB,26,16,5,0,0,0,0,0,4,6,0,7,3,32,0,4,6.8,5.3
Chansi Stuckey,160,,ARI,WR,28,9,0,0,0,0,0,0,0,0,0,8,4,39,0,4,7.4,4.9
Devin Thomas,162,,NYG,WR,25,16,0,0,0,0,0,0,0,0,0,3,3,37,0,4,6.7,5.2
Johnny White,143,,BUF,RB,23,12,0,0,0,0,0,0,12,38,0,4,1,-3,0,4,4.5,4.0
Adrian Arrington,166,,NOR,WR,26,4,0,0,0,0,0,0,0,0,0,3,2,31,0,3,5.1,4.1
Anthony Becht,81,,KAN,TE,34,9,5,0,0,0,0,0,0,0,0,4,3,26,0,3,5.6,4.1
Kevin Brock,80,,BUF,TE,25,2,0,0,0,0,0,0,0,0,0,2,2,27,0,3,4.7,3.7
Jordan Cameron,78,,CLE,TE,23,8,2,0,0,0,0,0,0,0,0,13,6,33,0,3,9.3,6.3
Mark Clayton,172,,STL,WR,29,2,1,0,0,0,0,0,0,0,0,4,3,26,0,3,5.6,4.1
Jim Dray,82,,ARI,TE,25,10,0,0,0,0,0,0,0,0,0,5,2,25,0,3,4.5,3.5
Kris Durham,167,,SEA,WR,23,3,0,0,0,0,0,0,0,0,0,4,3,30,0,3,6.0,4.5
Quinn Johnson,145,,TEN,RB,25,4,1,0,0,0,0,0,0,0,0,3,3,30,0,3,6.0,4.5
Jon Kitna,63,,DAL,QB,39,3,0,6,10,87,1,2,3,-2,0,0,0,0,0,3,5.3,5.3
J.P. Losman,64,,MIA,QB,30,2,0,6,10,60,0,0,2,1,0,0,0,0,0,3,2.0,1.5
Marc Mariani,169,,TEN,WR,24,16,0,0,0,0,0,0,1,4,0,12,5,24,0,3,13.3,10.3
Carlton Mitchell,165,,CLE,WR,23,11,0,0,0,0,0,0,0,0,0,4,3,31,0,3,6.1,4.6
Niles Paul,164,,WAS,WR,22,13,2,0,0,0,0,0,1,7,0,5,2,25,0,3,5.2,4.2
Bilal Powell,148,,NYJ,RB,23,2,0,0,0,0,0,0,13,21,0,1,1,7,0,3,3.3,2.3
Brian Robiskie,173,,CLE,WR,24,6,2,0,0,0,0,0,0,0,0,9,3,25,0,3,5.5,4.0
Da'Rel Scott,146,,NYG,RB,23,11,0,0,0,0,0,0,5,16,0,2,2,13,0,3,4.4,2.9
Kory Sperry,79,,SDG,TE,26,16,4,0,0,0,0,0,0,0,0,5,1,32,0,3,4.2,3.7
Manase Tonga,144,,OAK,RB,27,11,3,0,0,0,0,0,1,12,0,4,3,18,0,3,6.0,4.5
Tiquan Underwood,168,,NWE,WR,24,6,0,0,0,0,0,0,0,0,0,6,3,30,0,3,6.0,4.5
Lawrence Vickers,147,,HOU,RB,28,14,1,0,0,0,0,0,1,0,0,8,4,29,0,3,6.9,4.9
Bryan Walters,170,,SDG,WR,24,4,0,0,0,0,0,0,0,0,0,4,3,27,0,3,5.7,4.2
Ryan Whalen,171,,CIN,WR,22,4,0,0,0,0,0,0,0,0,0,5,4,27,0,3,6.7,4.7
Brock Bolen,150,,JAX,RB,26,13,0,0,0,0,0,0,2,14,0,5,2,6,0,2,4.0,3.0
Thomas Clayton,155,,CLE,RB,27,3,0,0,0,0,0,0,8,12,0,1,1,3,0,2,2.5,2.0
Clyde Gates,174,,MIA,WR,25,15,0,0,0,0,0,0,1,4,0,,2,19,0,2,4.3,3.3
Garrett Graham,84,,HOU,TE,25,7,0,0,0,0,0,0,0,0,0,2,1,24,0,2,3.4,2.9
Alex Green,153,,GNB,RB,23,4,0,0,0,0,0,0,3,11,0,1,1,6,0,2,2.7,2.2
Virgil Green,83,,DEN,TE,23,15,3,0,0,0,0,0,0,0,0,5,3,24,0,2,5.4,3.9
Roscoe Parrish,176,,BUF,WR,29,2,2,0,0,0,0,0,0,0,0,4,1,16,0,2,2.6,2.1
Justin Peelle,85,,SFO,TE,32,14,2,0,0,0,0,0,0,0,0,4,1,19,0,2,2.9,2.4
Cedric Peerman,154,,CIN,RB,25,15,0,0,0,0,0,0,3,15,0,1,0,0,0,2,1.5,1.5
Chris Pressley,152,,CIN,RB,25,15,10,0,0,0,0,0,0,0,0,5,3,19,0,2,4.9,3.4
David Reed,175,,BAL,WR,24,11,0,0,0,0,0,0,1,16,0,2,0,0,0,2,0.1,-1.4
Mike Sellers,156,,WAS,RB,36,12,0,0,0,0,0,0,0,0,0,2,1,15,0,2,2.5,2.0
Brett Swain,177,,SFO,WR,26,5,1,0,0,0,0,0,0,0,0,7,2,15,0,2,3.5,2.5
David Thomas,86,,NOR,TE,28,5,2,0,0,0,0,0,0,0,0,9,5,16,0,2,6.6,4.1
Josh Vaughan,149,,CAR,RB,25,7,0,0,0,0,0,0,7,24,0,0,0,0,0,2,2.4,2.4
Eddie Williams,151,,2TM,RB,24,6,0,0,0,0,0,0,2,2,0,1,1,17,0,2,2.9,2.4
Anthony Allen,162,,BAL,RB,23,5,0,0,0,0,0,0,3,8,0,0,0,0,0,1,0.8,0.8
Emmanuel Arceneaux,180,,MIN,WR,24,3,0,0,0,0,0,0,0,0,0,2,1,10,0,1,2.0,1.5
David Ausberry,88,,OAK,TE,24,12,0,0,0,0,0,0,1,-2,0,2,2,14,0,1,3.2,2.2
Allen Bradford,157,,TAM,RB,23,1,0,0,0,0,0,0,5,13,0,0,0,0,0,1,1.3,1.3
Aaron Brown,160,,DET,RB,26,1,0,0,0,0,0,0,1,0,0,1,1,9,0,1,1.9,1.4
Mark Brunell,67,,NYJ,QB,41,16,0,1,3,27,0,0,0,0,0,0,0,0,0,1,1.1,1.1
Shaun Chapas,161,,DAL,RB,23,3,0,0,0,0,0,0,0,0,0,1,1,9,0,1,1.9,1.4
Mike Cox,91,,ATL,TE,26,9,5,0,0,0,0,0,0,0,0,3,2,8,0,1,2.3,0.8
Chase Daniel,69,,NOR,QB,25,16,0,4,5,29,0,0,3,-3,0,0,0,0,0,1,0.9,0.9
Ryan D'Imperio,163,,MIN,RB,24,12,1,0,0,0,0,0,0,0,0,6,2,7,0,1,2.7,1.7
Armanti Edwards,181,,CAR,WR,23,16,0,1,1,11,0,0,1,5,0,0,0,0,0,1,0.9,0.9
Anthony Hill,90,,IND,TE,26,7,2,0,0,0,0,0,0,0,0,3,2,10,0,1,3.0,2.0
Shaun Hill,65,,DET,QB,31,2,0,2,3,33,0,0,1,-1,0,0,0,0,0,1,1.2,1.2
Jeremy Horne,187,,KAN,WR,25,9,0,0,0,0,0,0,1,5,0,2,0,0,0,1,0.5,0.5
Brian Hoyer,70,,NWE,QB,26,3,0,1,1,22,0,0,4,-3,0,0,0,0,0,1,0.6,0.6
Colin Kaepernick,66,,SFO,QB,24,3,0,3,5,35,0,0,2,-2,0,0,0,0,0,1,1.2,1.2
Reggie Kelly,92,,ATL,TE,34,16,2,0,0,0,0,0,0,0,0,2,1,7,0,1,1.7,1.2
Ryan Mahaffey,164,,IND,RB,24,5,0,0,0,0,0,0,0,0,0,1,1,5,0,1,1.5,1.0
Jeron Mastrud,184,,MIA,WR,24,14,3,0,0,0,0,0,0,0,0,2,1,8,0,1,1.8,1.3
Reagan Maui'a,159,,ARI,RB,27,3,3,0,0,0,0,0,0,0,0,1,1,12,0,1,2.2,1.7
Nick Miller,182,,2TM,WR,24,8,0,0,0,0,0,0,0,0,0,1,1,8,0,1,7.8,7.3
Allen Reisner,93,,MIN,TE,23,6,0,0,0,0,0,0,0,0,0,1,1,5,0,1,1.5,1.0
Jordan Shipley,178,,CIN,WR,26,2,0,0,0,0,0,0,0,0,0,5,4,14,0,1,4.9,2.4
Lee Smith,89,,BUF,TE,24,10,3,0,0,0,0,0,0,0,0,4,4,11,0,1,5.1,3.1
Micheal Spurlock,179,,TAM,WR,28,12,0,0,1,0,0,0,0,0,0,6,2,13,0,1,3.3,2.3
Brandon Stokley,185,,NYG,WR,35,2,0,0,0,0,0,0,0,0,0,3,1,7,0,1,1.7,1.2
Maurice Stovall,183,,DET,WR,26,15,0,0,0,0,0,0,0,0,0,3,1,8,0,1,1.8,1.3
Tyrod Taylor,68,,BAL,QB,22,3,0,1,1,18,0,0,1,2,0,0,0,0,0,1,0.9,0.9
Julius Thomas,94,,DEN,TE,23,5,1,0,0,0,0,0,0,0,0,7,1,5,0,1,1.5,1.0
Chauncey Washington,158,,DAL,RB,26,2,0,0,0,0,0,0,1,-1,0,3,2,13,0,1,3.2,2.2
D.J. Williams,87,,GNB,TE,23,13,0,0,0,0,0,0,0,0,0,4,2,13,0,1,3.3,2.3
George Wilson,186,,BUF,WR,30,13,13,0,0,0,0,0,1,6,0,0,0,0,0,1,0.6,0.6
Darvin Adams,204,,CAR,,21,2,0,0,0,0,0,0,0,0,0,,0,0,0,,,
Kamar Aiken,198,,BUF,,22,2,0,0,0,0,0,0,0,0,0,0,0,0,0,,,
Seyi Ajirotutu,188,,CAR,WR,24,14,0,0,0,0,0,0,0,0,0,2,1,4,0,,1.4,0.9
Derek Anderson,76,,CAR,QB,28,2,0,0,0,0,0,0,2,-2,0,0,0,0,0,,-0.2,-0.2
Arnaz Battle,201,,PIT,,31,10,0,0,0,0,0,0,0,0,0,1,0,0,0,,,
Tom Brandstater,72,,STL,QB,27,1,0,0,2,0,0,0,0,0,0,0,0,0,0,,,
Dominique Byrd,110,,2TM,,27,3,0,0,0,0,0,0,0,0,0,0,0,0,0,,,
Rudy Carpenter,74,,TAM,,25,1,0,0,0,0,0,0,0,0,0,,0,0,0,,,
Michael Clayton,199,,NYG,,29,5,0,0,0,0,0,0,0,0,0,1,0,0,0,,,
Kevin Cone,205,,ATL,,23,1,0,0,0,0,0,0,0,0,0,,0,0,0,,,
Dominique Curry,210,,STL,,24,16,0,0,0,0,0,0,0,0,0,0,0,0,0,,,
Tandon Doss,206,,BAL,,22,6,0,0,0,0,0,0,0,0,0,2,0,0,0,,,
Shaun Draughn,175,,KAN,,24,1,0,0,0,0,0,0,0,0,0,,0,0,0,,,
Darren Evans,172,,IND,,23,2,0,0,0,0,0,0,0,0,0,,0,0,0,,,
Collin Franklin,114,,TAM,,23,2,0,0,0,0,0,0,0,0,0,2,0,0,0,,,
Anthony Gonzalez,197,,IND,,27,8,0,0,0,0,0,0,0,0,0,2,0,0,0,,,
Mike Goodson,165,,CAR,RB,24,4,0,0,0,0,0,0,0,0,0,3,1,4,0,,1.4,0.9
Richard Goodman,194,,SDG,,24,16,0,0,0,0,0,0,0,0,0,2,0,0,0,,6.0,6.0
Richard Gordon,169,,OAK,RB,24,14,1,0,0,0,0,0,0,0,0,1,1,2,0,,1.2,0.7
Chris Gronkowski,171,,IND,,25,7,0,0,0,0,0,0,0,0,0,0,0,0,0,,,
Dan Gronkowski,105,,2TM,,26,7,1,0,0,0,0,0,0,0,0,0,0,0,0,,,
Clark Harris,104,,CIN,,27,16,0,0,0,0,0,0,0,0,0,,0,0,0,,,
Ben Hartsock,113,,CAR,,31,15,2,0,0,0,0,0,0,0,0,0,0,0,0,,,
Joe Hastings,195,,SFO,,24,1,0,0,0,0,0,0,0,0,0,1,0,0,0,,,
Michael Higgins,96,,NOR,TE,24,2,0,0,0,0,0,0,0,0,0,1,1,4,0,,1.4,0.9
Brian Jennings,99,,SFO,,35,16,0,0,0,0,0,0,0,0,0,,0,0,0,,,
Jerrel Jernigan,202,,NYG,,22,8,0,0,0,0,0,0,0,0,0,2,0,0,0,,,
Jaymar Johnson,200,,ARI,,27,1,0,0,0,0,0,0,0,0,0,,0,0,0,,,
Larry Johnson,168,,MIA,RB,32,1,0,0,0,0,0,0,1,2,0,0,0,0,0,,0.2,0.2
Mike Kafka,71,,PHI,QB,24,4,0,11,16,107,0,2,3,0,0,0,0,0,0,,2.3,2.3
Jim Kleinsasser,95,,MIN,TE,34,16,11,0,0,0,0,0,0,0,0,6,1,4,0,,1.4,0.9
Max Komar,193,,CHI,,24,2,0,0,0,0,0,0,0,0,0,,0,0,0,,,
Jameson Konz,115,,SEA,,25,1,0,0,0,0,0,0,0,0,0,,0,0,0,,,
Mike Leach,107,,ARI,,35,16,0,0,0,0,0,0,0,0,0,0,0,0,0,,,
Elbert Mack,191,,TAM,,25,16,1,0,0,0,0,0,0,0,0,0,0,0,0,,,
Jeff Maehl,192,,HOU,,22,3,0,0,0,0,0,0,0,0,0,1,0,0,0,,,
Steve Maneri,98,,KAN,TE,23,6,1,0,0,0,0,0,0,0,0,2,1,1,0,,1.1,0.6
Corey McIntyre,166,,BUF,RB,32,16,1,0,0,0,0,0,0,0,0,1,1,4,0,,1.4,0.9
Richard Medlin,173,,MIA,,24,1,0,0,0,0,0,0,0,0,0,,0,0,0,,,
Kerry Meier,209,,ATL,,25,12,0,0,0,0,0,0,0,0,0,1,0,0,0,,,
Marlon Moore,208,,MIA,,24,6,0,0,0,0,0,0,0,0,0,0,0,0,0,,,
Rob Myers,111,,WAS,,25,1,0,0,0,0,0,0,0,0,0,,0,0,0,,,
Jamar Newsome,189,,JAX,,24,2,0,0,0,0,0,0,0,0,0,1,0,0,0,,,
Moran Norris,1,,SFO,,33,5,2,0,0,0,0,0,0,0,0,,0,0,0,,,
Fendi Onobun,109,,JAX,,25,1,0,0,0,0,0,0,0,0,0,1,0,0,0,,,
Lousaka Polite,174,,NWE,,30,1,0,0,0,0,0,0,0,0,0,0,0,0,0,,,
Julius Pruitt,196,,MIA,,26,9,0,0,0,0,0,0,0,0,0,0,0,0,0,,,
Terrelle Pryor,73,,OAK,,22,1,0,0,0,0,0,0,0,0,0,0,0,0,0,,,
Richard Quinn,101,,WAS,,25,1,0,0,0,0,0,0,0,0,0,,0,0,0,,,
Courtney Roby,207,,NOR,,28,16,0,0,0,0,0,0,0,0,0,0,0,0,0,,-0.5,-1.0
Martin Rucker,103,,2TM,,26,2,0,0,0,0,0,0,0,0,0,1,0,0,0,,,
Antone Smith,170,,ATL,,26,12,0,0,0,0,0,0,0,0,0,0,0,0,0,,,
Armond Smith,167,,CLE,RB,25,3,0,0,0,0,0,0,3,2,0,1,0,0,0,,0.2,0.2
Justin Snow,102,,IND,,35,16,0,0,0,0,0,0,0,0,0,0,0,0,0,,,
Nate Solder,112,,NWE,,23,16,13,0,0,0,0,0,0,0,0,0,0,0,0,,,
Stephen Spach,97,,STL,TE,29,10,1,0,0,0,0,0,0,0,0,3,2,2,0,,2.2,1.2
Brandon Tate,203,,CIN,,24,16,0,0,0,0,0,0,0,0,0,0,0,0,0,,4.5,3.0
Tyler Thigpen,75,,BUF,QB,27,3,0,3,8,25,0,1,1,8,0,0,0,0,0,,0.8,0.8
Roberto Wallace,211,,MIA,,25,2,0,0,0,0,0,0,0,0,0,,0,0,0,,,
Stephen Williams,190,,ARI,,25,2,0,0,0,0,0,0,0,0,0,,0,0,0,,,
Kris Wilson,108,,BAL,,30,15,0,0,0,0,0,0,0,0,0,0,0,0,0,,,
Will Yeatman,100,,MIA,,23,3,2,0,0,0,0,0,0,0,0,1,0,0,0,,,
Joe Zelenka,106,,ATL,,35,16,0,0,0,0,0,0,0,0,0,,0,0,0,,,
Billy Volek,77,,SDG,QB,35,2,0,0,0,0,0,0,5,-5,0,0,0,0,0,-1,-0.5,-0.5
