 , , , , , , , , , , , , , , , , , , , , , , 
Todd Gurley*+,1,1,LAR,RB,23,15,15,0,0,0,0,0,279,1305,13,87,64,788,6,319,391.3,351.3
Le'Veon Bell*+,2,2,PIT,RB,25,15,15,0,0,0,0,0,321,1291,9,106,85,655,2,259,349.6,299.1
Kareem Hunt*,3,3,KAN,RB,22,16,16,0,0,0,0,0,272,1327,8,63,53,455,3,242,302.2,268.7
Alvin Kamara*,4,4,NOR,RB,22,16,3,0,0,0,0,0,120,728,8,100,81,826,5,233,327.4,279.9
DeAndre Hopkins*+,1,5,HOU,WR,25,15,15,0,0,0,0,0,0,0,0,174,96,1378,13,216,313.8,261.8
Melvin Gordon,5,6,LAC,RB,24,16,16,0,0,0,0,0,284,1105,8,83,58,476,4,230,294.1,259.1
Antonio Brown*+,2,7,PIT,WR,29,14,14,0,0,0,0,0,0,0,0,163,101,1533,9,211,313.3,259.8
Russell Wilson*,1,8,SEA,QB,29,16,16,339,553,3983,34,11,95,586,3,0,0,0,0,354,367.9,358.9
Mark Ingram*,6,9,NOR,RB,28,16,13,0,0,0,0,0,230,1124,12,71,58,416,0,220,287.0,249.0
LeSean McCoy*,7,10,BUF,RB,29,16,16,0,0,0,0,0,287,1138,6,77,59,448,2,205,270.6,234.1
Rob Gronkowski*+,1,11,NWE,TE,28,14,14,0,0,0,0,0,0,0,0,105,69,1084,8,158,230.4,192.9
Travis Kelce*,2,12,KAN,TE,28,15,15,0,1,0,0,1,2,7,0,122,83,1038,8,151,237.5,193.0
Leonard Fournette,8,13,JAX,RB,22,13,13,0,0,0,0,0,268,1040,9,48,36,302,1,194,236.2,212.2
Keenan Allen*,3,14,LAC,WR,25,16,15,0,0,0,0,0,2,9,0,159,102,1393,6,176,287.2,233.2
Marvin Jones,4,15,DET,WR,27,16,16,0,0,0,0,0,0,0,0,107,61,1101,9,166,228.1,194.6
Tyreek Hill*,5,16,KAN,WR,23,15,13,0,1,0,0,1,17,59,0,105,75,1183,7,164,249.2,208.7
Julio Jones*,6,17,ATL,WR,28,16,16,0,0,0,0,0,1,15,0,148,88,1444,3,164,254.9,207.9
Ezekiel Elliott,9,18,DAL,RB,22,10,10,0,0,0,0,0,242,983,7,38,26,269,2,177,210.2,190.2
Jordan Howard,10,19,CHI,RB,23,16,16,0,0,0,0,0,276,1122,9,32,23,125,0,177,206.7,188.2
Zach Ertz*,3,20,PHI,TE,27,14,13,0,0,0,0,0,0,0,0,110,74,824,8,130,206.4,165.4
Cam Newton,2,21,CAR,QB,28,16,16,291,492,3302,22,16,139,754,6,0,0,0,0,303,322.5,315.5
Carlos Hyde,11,22,SFO,RB,27,16,16,0,0,0,0,0,240,938,8,88,59,350,0,175,240.8,204.3
Alex Smith*,3,23,KAN,QB,33,15,15,341,505,4042,26,5,60,355,1,0,0,0,0,299,307.2,300.2
Brandin Cooks,7,24,NWE,WR,24,16,15,0,0,0,0,0,9,40,0,114,65,1082,7,156,224.2,188.7
Michael Thomas*,8,25,NOR,WR,24,16,14,0,0,0,0,0,0,0,0,149,104,1245,5,155,261.5,206.5
Tom Brady*+,4,26,NWE,QB,40,16,16,385,581,4577,32,8,25,28,0,0,0,0,0,296,309.9,303.9
Larry Fitzgerald*,9,27,ARI,WR,34,16,16,1,1,21,0,0,0,0,0,161,109,1156,6,152,265.4,206.9
A.J. Green*,10,28,CIN,WR,29,16,16,0,0,0,0,0,0,0,0,143,75,1078,8,152,231.8,189.3
Davante Adams*,11,29,GNB,WR,25,14,14,0,0,0,0,0,0,0,0,117,74,885,10,151,225.5,185.5
Dion Lewis,12,30,NWE,RB,27,16,8,0,0,0,0,0,180,896,6,35,32,214,3,165,209.0,187.0
Devonta Freeman,13,31,ATL,RB,25,14,14,0,0,0,0,0,196,865,7,47,36,317,1,164,207.2,182.2
Adam Thielen*,12,32,MIN,WR,27,16,16,0,0,0,0,0,1,11,0,142,91,1276,4,149,244.7,194.2
Doug Baldwin*,13,33,SEA,WR,29,16,16,0,0,0,0,0,2,-8,0,116,75,991,8,148,226.3,185.8
Jarvis Landry*,14,34,MIA,WR,25,16,16,0,1,0,0,0,1,-7,0,161,112,987,9,148,265.0,204.0
Jimmy Graham*,4,35,SEA,TE,31,16,13,0,0,0,0,0,0,0,0,96,57,520,10,116,174.0,142.5
Lamar Miller,14,36,HOU,RB,26,16,13,0,0,0,0,0,238,888,3,45,36,327,3,158,199.5,175.5
Carson Wentz*,5,37,PHI,QB,25,13,13,265,440,3296,33,7,64,299,0,0,0,0,0,284,297.7,288.7
Alshon Jeffery,15,38,PHI,WR,27,16,16,0,0,0,0,0,0,0,0,120,57,789,9,141,198.9,167.4
Evan Engram,5,39,NYG,TE,23,15,11,0,0,0,0,0,1,14,0,115,64,722,6,110,176.6,141.6
Robby Anderson,16,40,NYJ,WR,24,16,15,0,0,0,0,0,3,9,0,114,63,941,7,139,203.0,168.5
Matthew Stafford,6,41,DET,QB,29,16,16,371,565,4446,29,10,29,98,0,0,0,0,0,278,293.6,283.6
Kirk Cousins,7,42,WAS,QB,29,16,16,347,540,4093,27,13,49,179,4,0,0,0,0,278,301.6,290.6
Stefon Diggs,17,43,MIN,WR,24,14,14,0,0,0,0,0,8,13,0,95,64,849,8,134,201.2,166.2
Christian McCaffrey,15,44,CAR,RB,21,16,10,0,0,0,0,0,117,435,2,113,80,651,5,149,235.6,188.6
Mike Evans,18,45,TAM,WR,24,15,15,0,0,0,0,0,0,0,0,136,71,1001,5,134,206.1,167.6
Devin Funchess,19,46,CAR,WR,23,16,16,0,0,0,0,0,0,0,0,111,63,840,8,134,198.0,163.5
JuJu Smith-Schuster,20,47,PIT,WR,21,14,7,0,0,0,0,0,0,0,0,79,58,917,7,134,200.7,168.7
Alex Collins,16,48,BAL,RB,23,15,12,0,0,0,0,0,212,973,6,36,23,187,0,148,179.0,159.5
C.J. Anderson,17,49,DEN,RB,26,16,16,0,0,0,0,0,245,1007,3,40,28,224,1,147,182.1,161.1
Golden Tate,21,50,DET,WR,29,16,12,0,0,0,0,0,5,22,0,120,92,1003,5,133,228.5,178.5
Kyle Rudolph*,6,51,MIN,TE,28,16,16,0,0,0,0,0,0,0,0,81,57,532,8,101,161.2,129.7
Delanie Walker*,7,52,TEN,TE,33,16,11,0,0,0,0,0,2,-2,1,111,74,807,3,101,179.5,137.5
Frank Gore,18,53,IND,RB,34,16,16,0,0,0,0,0,261,961,3,38,29,245,1,145,179.6,159.1
Philip Rivers*,8,54,LAC,QB,36,16,16,360,575,4515,28,10,18,-2,0,0,0,0,0,272,284.4,280.4
Marshawn Lynch,19,55,OAK,RB,31,15,15,0,0,0,0,0,207,891,7,31,20,151,0,144,171.2,154.2
Latavius Murray,20,56,MIN,RB,27,16,11,0,0,0,0,0,216,842,8,17,15,103,0,143,163.5,150.0
Duke Johnson,21,57,CLE,RB,24,16,0,0,0,0,0,0,82,348,4,93,74,693,3,142,224.1,179.1
Demaryius Thomas,22,58,DEN,WR,30,16,16,0,0,0,0,0,0,0,0,140,83,949,5,127,209.9,164.4
Tevin Coleman,22,59,ATL,RB,24,15,3,0,0,0,0,0,156,628,5,39,27,299,3,141,173.7,154.2
Cameron Brate,8,60,TAM,TE,26,16,6,0,0,0,0,0,0,0,0,77,48,591,6,95,146.1,119.1
Nelson Agholor,23,61,PHI,WR,24,16,10,0,0,0,0,0,1,7,0,95,62,768,8,126,196.5,162.5
Dak Prescott,9,62,DAL,QB,24,16,16,308,490,3324,22,13,57,357,6,0,0,0,0,267,282.7,273.7
Jack Doyle*,9,63,IND,TE,27,15,15,0,0,0,0,0,0,0,0,108,80,690,4,91,174.0,129.0
Ben Roethlisberger*,10,64,PIT,QB,35,15,15,360,561,4251,28,14,28,47,0,0,0,0,0,263,278.7,274.7
Drew Brees*,11,65,NOR,QB,38,16,16,386,536,4334,23,8,33,12,2,0,0,0,0,263,273.6,270.6
T.Y. Hilton*,24,66,IND,WR,28,16,16,0,0,0,0,0,0,0,0,109,57,966,4,119,179.6,147.1
DeMarco Murray,23,67,TEN,RB,29,15,15,0,0,0,0,0,184,659,6,47,39,266,1,133,178.5,152.0
Dez Bryant,25,68,DAL,WR,29,16,16,0,0,0,0,0,1,-4,0,132,69,838,6,117,190.4,151.9
Kenny Stills,26,69,MIA,WR,25,16,16,0,0,0,0,0,0,0,0,105,58,847,6,117,179.7,145.7
Cooper Kupp,27,70,LAR,WR,24,15,6,0,1,0,0,0,0,0,0,94,62,869,5,115,180.9,145.9
Jason Witten*,10,71,DAL,TE,35,16,16,0,0,0,0,0,0,0,0,87,63,560,5,84,151.0,115.5
Michael Crabtree,28,72,OAK,WR,30,14,14,0,0,0,0,0,0,0,0,101,58,618,8,114,174.8,142.8
Tyler Kroft,11,73,CIN,TE,25,16,16,0,0,0,0,0,0,0,0,62,42,404,7,82,127.4,103.4
Jermaine Kearse,29,74,NYJ,WR,27,16,14,0,0,0,0,0,0,0,0,102,65,810,5,113,179.0,143.5
Jared Goff*,12,75,LAR,QB,23,15,15,296,477,3804,28,7,28,51,1,0,0,0,0,255,268.3,262.3
Hunter Henry,12,76,LAC,TE,23,14,13,0,0,0,0,0,0,0,0,62,45,579,4,82,129.9,104.4
Alex Armah,1,77,CAR,,23,9,0,0,0,0,0,0,0,0,0,0,0,0,0,,,
Shane Smith,2,78,NYG,,24,11,4,0,0,0,0,0,0,0,0,0,0,0,0,,,
Blake Bortles,13,,JAX,QB,25,16,16,315,523,3687,21,13,57,322,2,0,0,0,0,252,271.7,262.7
Case Keenum,14,,MIN,QB,29,15,14,325,481,3547,22,7,40,160,1,0,0,0,0,240,251.9,244.9
Matt Ryan,15,,ATL,QB,32,16,16,342,529,4095,20,12,32,143,0,0,0,0,0,230,249.1,240.1
Tyrod Taylor,16,,BUF,QB,28,15,14,263,420,2799,14,4,84,427,4,0,0,0,0,223,234.7,226.7
Marcus Mariota,17,,TEN,QB,24,15,15,281,453,3232,13,15,60,312,5,0,0,0,0,214,232.5,225.5
Andy Dalton,18,,CIN,QB,30,16,16,297,496,3320,25,12,38,99,0,0,0,0,0,211,229.7,222.7
Jacoby Brissett,19,,IND,QB,24,16,15,276,469,3098,13,7,63,260,4,0,0,0,0,208,221.9,212.9
Josh McCown,20,,NYJ,QB,38,13,13,267,397,2926,18,9,37,124,5,0,0,0,0,207,224.4,214.4
Derek Carr*,21,,OAK,QB,26,15,15,323,515,3496,22,13,23,66,0,0,0,0,0,206,225.4,219.4
Jameis Winston,22,,TAM,QB,23,13,13,282,442,3504,19,11,33,135,1,0,0,0,0,204,225.7,212.7
Eli Manning,23,,NYG,QB,36,15,15,352,571,3468,19,13,12,26,1,0,0,0,0,195,208.3,200.3
Joe Flacco,24,,BAL,QB,32,16,16,352,549,3141,18,13,25,54,1,0,0,0,0,185,201.0,198.0
DeShone Kizer,25,,CLE,QB,21,15,15,255,476,2894,11,22,77,419,5,0,0,0,0,176,209.7,197.7
Deshaun Watson,26,,HOU,QB,22,7,6,126,204,1699,19,8,36,269,2,0,0,0,0,173,183.9,176.9
Jay Cutler,27,,MIA,QB,34,14,14,266,429,2666,19,14,19,32,0,0,0,0,0,158,174.8,171.8
Mitch Trubisky,28,,CHI,QB,23,12,12,196,330,2193,7,7,41,248,2,0,0,0,0,137,150.5,141.5
Aaron Rodgers,29,,GNB,QB,34,7,7,154,238,1675,16,6,24,126,0,0,0,0,0,134,142.6,135.6
Trevor Siemian,30,,DEN,QB,26,11,10,206,349,2285,12,14,31,127,1,0,0,0,0,130,148.1,140.1
Jerick McKinnon,24,,MIN,RB,25,16,1,0,0,0,0,0,150,570,3,68,51,421,2,127,186.1,152.6
Derrick Henry,25,,TEN,RB,23,16,2,0,0,0,0,0,176,744,5,17,11,136,1,124,141.0,129.5
Brett Hundley,31,,GNB,QB,24,11,9,192,316,1836,9,12,36,270,2,1,1,10,0,123,144.4,135.9
Bilal Powell,26,,NYJ,RB,29,15,10,0,0,0,0,0,178,772,5,33,23,170,0,122,152.2,133.7
Javorius Allen,27,,BAL,RB,26,16,0,0,0,0,0,0,153,591,4,60,46,250,2,120,172.1,143.1
Orleans Darkwa,28,,NYG,RB,25,15,11,0,0,0,0,0,171,751,5,28,19,116,0,119,143.7,128.2
Jamaal Williams,29,,GNB,RB,22,16,7,0,0,0,0,0,153,556,4,34,25,262,2,118,148.8,130.3
Isaiah Crowell,30,,CLE,RB,24,16,16,0,0,0,0,0,206,853,2,42,28,182,0,116,150.5,129.5
Marquise Goodwin,30,,SFO,WR,27,16,16,0,0,0,0,0,4,44,0,105,56,962,2,113,171.6,140.6
Chris Thompson,31,,WAS,RB,27,10,1,0,0,0,0,0,64,294,2,54,39,510,4,112,159.4,131.9
Jay Ajayi,33,,2TM,RB,24,14,8,0,0,0,0,0,208,873,1,34,24,158,1,111,143.1,123.1
Joe Mixon,32,,CIN,RB,21,14,7,0,0,0,0,0,178,626,4,34,30,287,0,111,149.3,126.3
Amari Cooper,31,,OAK,WR,23,14,12,0,0,0,0,0,1,4,0,96,48,680,7,110,161.4,134.4
Kenyan Drake,34,,MIA,RB,23,16,6,0,0,0,0,0,133,644,3,48,32,239,1,110,150.3,126.3
Giovani Bernard,36,,CIN,RB,26,16,2,0,0,0,0,0,105,458,2,60,43,389,2,109,157.7,130.2
Jonathan Stewart,35,,CAR,RB,30,15,10,0,0,0,0,0,198,680,6,15,8,52,1,109,123.2,113.2
Paul Richardson,32,,SEA,WR,25,16,13,0,0,0,0,0,0,0,0,80,44,703,6,108,153.3,128.3
Ted Ginn,36,,NOR,WR,32,15,10,0,0,0,0,0,10,39,0,70,53,787,4,107,162.6,133.1
Mohamed Sanu,33,,ATL,WR,28,15,15,1,1,51,1,0,4,10,0,96,67,703,5,107,177.3,140.8
Sammy Watkins,35,,LAR,WR,24,15,14,0,0,0,0,0,0,0,0,70,39,593,8,107,149.3,126.8
Robert Woods,34,,LAR,WR,25,12,11,0,0,0,0,0,2,12,0,85,56,781,5,107,167.3,135.3
Rishard Matthews,37,,TEN,WR,28,14,11,0,0,0,0,0,1,-3,0,87,53,795,4,105,159.2,129.7
Carson Palmer,32,,ARI,QB,38,7,7,164,267,1978,9,7,14,12,0,0,0,0,0,104,112.3,109.3
Theo Riddick,37,,DET,RB,26,16,5,0,0,0,0,0,84,286,3,71,53,444,2,101,161.0,127.5
LeGarrette Blount,39,,PHI,RB,31,16,11,0,0,0,0,0,173,766,2,8,8,50,1,100,111.6,103.6
Rex Burkhead,38,,NWE,RB,27,10,3,0,0,0,0,0,64,264,5,36,30,254,3,100,135.8,114.8
Ameer Abdullah,40,,DET,RB,24,14,11,0,0,0,0,0,165,552,4,35,25,162,1,99,131.4,111.9
Mike Wallace,38,,BAL,WR,31,15,14,0,0,0,0,0,1,4,0,92,52,748,4,99,154.2,125.2
Tyrell Williams,39,,LAC,WR,25,16,15,0,0,0,0,0,0,0,0,69,43,728,4,95,141.8,116.3
Jamison Crowder,40,,WAS,WR,24,15,6,0,0,0,0,0,7,34,0,103,66,789,3,94,166.3,127.3
Randall Cobb,41,,GNB,WR,27,15,14,1,1,10,0,0,9,17,0,92,66,653,4,93,162.4,126.4
DeSean Jackson,42,,TAM,WR,31,14,13,0,0,0,0,0,3,38,0,90,50,668,3,93,141.6,113.6
Marqise Lee,43,,JAX,WR,26,14,14,0,1,0,0,0,1,17,0,96,56,702,3,92,150.9,119.9
Tarik Cohen,44,,CHI,WR,22,16,4,1,2,21,1,0,87,370,2,71,53,353,1,91,158.1,123.6
Keelan Cole,45,,JAX,WR,24,16,6,0,0,0,0,0,0,0,0,83,42,748,3,91,136.8,111.8
Travis Benjamin,46,,LAC,WR,28,16,3,0,0,0,0,0,13,96,0,62,34,567,4,90,133.3,113.3
C.J. Beathard,33,,SFO,QB,24,7,5,123,224,1430,4,6,26,136,3,0,0,0,0,89,102.8,94.8
Kelvin Benjamin,47,,2TM,WR,26,14,14,0,0,0,0,0,0,0,0,78,48,692,3,87,138.2,111.2
Will Fuller,48,,HOU,WR,23,10,10,0,0,0,0,0,2,9,0,50,28,423,7,87,116.2,99.2
Jimmy Garoppolo,34,,SFO,QB,26,6,5,120,178,1560,7,5,15,11,1,1,1,-6,0,87,95.9,92.4
Samaje Perine,41,,WAS,RB,22,16,8,0,0,0,0,0,175,603,1,24,22,182,1,87,116.5,97.5
Jordy Nelson,49,,GNB,WR,32,15,15,0,0,0,0,0,0,0,0,88,53,482,6,86,140.2,110.7
Sterling Shepard,50,,NYG,WR,24,11,10,0,0,0,0,0,4,4,0,84,59,731,2,86,147.5,115.0
Josh Doctson,51,,WAS,WR,25,16,14,0,0,0,0,0,1,-14,0,78,35,502,6,85,122.8,102.3
Corey Clement,42,,PHI,RB,23,16,0,0,0,0,0,0,74,321,4,15,10,123,2,84,98.4,87.4
Matt Breida,44,,SFO,RB,22,16,0,0,0,0,0,0,105,465,2,36,21,180,1,83,109.5,93.0
Martavis Bryant,52,,PIT,WR,26,15,8,0,0,0,0,0,6,22,0,84,50,603,3,83,135.5,107.5
Matt Forte,43,,NYJ,RB,32,12,4,0,0,0,0,0,103,381,2,45,37,293,1,83,127.4,101.9
Marlon Mack,45,,IND,RB,21,14,0,0,0,0,0,0,93,358,3,33,21,225,1,82,109.3,92.8
Ryan Grant,53,,WAS,WR,27,16,7,0,0,0,0,0,0,0,0,65,45,573,4,81,129.3,103.8
Austin Ekeler,46,,LAC,RB,22,16,0,0,0,0,0,0,47,260,2,35,27,279,3,80,114.9,93.4
Ryan Fitzpatrick,35,,TAM,QB,35,6,3,96,163,1103,7,3,16,76,0,0,0,0,0,80,79.7,76.7
Jared Cook,14,,OAK,TE,30,16,16,0,0,0,0,0,0,0,0,86,54,688,2,79,136.8,105.8
Vernon Davis,15,,WAS,TE,33,16,16,0,0,0,0,0,0,0,0,69,43,648,3,79,126.8,100.3
Eric Ebron,13,,DET,TE,24,16,9,0,0,0,0,0,0,0,0,86,53,574,4,79,136.4,105.9
Danny Amendola,54,,NWE,WR,32,15,8,0,0,0,0,0,0,0,0,86,61,659,2,78,141.9,108.4
Ben Watson,16,,BAL,TE,37,16,12,0,0,0,0,0,0,0,0,79,61,522,4,78,140.2,106.7
James White,47,,NWE,RB,25,14,4,0,0,0,0,0,43,171,0,72,56,429,3,78,140.0,106.0
Chris Hogan,55,,NWE,WR,29,9,7,0,0,0,0,0,3,17,0,59,34,439,5,76,112.6,92.6
O.J. Howard,17,,TAM,TE,23,14,14,0,0,0,0,0,0,0,0,39,26,432,6,75,106.2,88.2
DeVante Parker,56,,MIA,WR,24,13,12,0,0,0,0,0,0,0,0,96,57,670,1,75,133.0,101.5
Albert Wilson,57,,KAN,WR,25,13,7,0,0,0,0,0,3,6,0,62,42,554,3,74,119.0,95.0
Brandon LaFell,59,,CIN,WR,31,16,15,0,0,0,0,0,0,0,0,89,52,548,3,73,127.8,98.8
Tyler Lockett,58,,SEA,WR,25,16,8,0,0,0,0,0,10,58,0,71,45,555,2,73,127.3,101.8
Rod Smith,48,,DAL,RB,25,15,1,0,0,0,0,0,55,232,4,23,19,202,1,73,98.4,82.9
Jaron Brown,60,,ARI,WR,27,16,8,0,0,0,0,0,0,0,0,69,31,477,4,72,105.7,87.2
Wayne Gallman,50,,NYG,RB,23,13,1,0,0,0,0,0,111,476,0,48,34,193,1,71,111.9,87.9
Austin Hooper,18,,ATL,TE,23,16,8,0,0,0,0,0,0,0,0,65,49,526,3,71,122.6,95.1
Aaron Jones,49,,GNB,RB,23,12,4,0,0,0,0,0,81,448,4,18,9,22,0,71,83.0,75.5
Peyton Barber,51,,TAM,RB,23,16,4,0,0,0,0,0,108,423,3,19,16,114,0,70,92.7,77.7
Kenny Golladay,62,,DET,WR,24,11,5,0,0,0,0,0,1,9,0,48,28,477,3,69,97.6,80.6
Ty Montgomery,52,,GNB,RB,24,8,5,0,0,0,0,0,71,273,3,31,23,173,1,69,97.6,80.1
Kendall Wright,61,,CHI,WR,28,16,4,0,0,0,0,0,0,0,0,91,59,614,1,69,129.4,96.9
Charles Clay,19,,BUF,TE,28,13,13,0,0,0,0,0,0,0,0,74,49,558,2,68,119.8,92.3
Mike Gillislee,54,,NWE,RB,27,9,2,0,0,0,0,0,104,383,5,1,1,15,0,68,72.8,68.3
Adam Humphries,63,,TAM,WR,24,16,3,0,0,0,0,0,1,6,0,83,61,631,1,68,132.7,98.2
Brock Osweiler,36,,DEN,QB,27,6,4,96,172,1088,5,5,14,64,1,0,0,0,0,68,76.9,72.9
Adrian Peterson,53,,2TM,RB,32,10,7,0,0,0,0,0,156,529,2,19,11,70,0,68,83.9,73.4
Emmanuel Sanders,64,,DEN,WR,30,12,11,0,0,0,0,0,0,0,0,92,47,555,2,68,117.5,91.0
Doug Martin,55,,TAM,RB,28,11,8,0,0,0,0,0,138,406,3,18,9,84,0,67,80.0,71.5
Deonte Thompson,65,,2TM,WR,28,16,10,0,0,0,0,0,2,-5,0,69,38,555,2,67,108.0,86.0
Brian Hoyer,37,,2TM,QB,32,11,6,123,211,1287,4,4,9,4,1,0,0,0,0,66,71.9,67.9
J.D. McKissic,56,,SEA,RB,24,13,1,0,0,0,0,0,46,187,1,46,34,266,2,65,103.3,80.3
Alfred Morris,57,,DAL,RB,29,14,5,0,0,0,0,0,115,547,1,9,7,45,0,65,75.2,68.7
JJ Nelson,66,,ARI,WR,25,16,5,0,0,0,0,0,3,37,0,61,29,508,2,65,97.5,79.0
Chris Ivory,58,,JAX,RB,29,14,3,0,0,0,0,0,112,382,1,28,21,175,1,64,92.7,74.2
George Kittle,21,,SFO,TE,24,15,7,0,0,0,0,0,0,0,0,63,43,515,2,64,109.5,85.0
Marcedes Lewis,20,,JAX,TE,33,16,16,0,0,0,0,0,0,0,0,48,24,318,5,64,90.8,75.8
David Njoku,22,,CLE,TE,21,16,5,0,0,0,0,0,1,1,0,60,32,386,4,63,97.7,78.7
Eric Decker,68,,TEN,WR,30,16,8,0,1,0,0,0,0,0,0,83,54,563,1,62,119.3,89.3
Blaine Gabbert,38,,ARI,QB,28,5,5,95,171,1086,6,6,23,82,0,0,0,0,0,62,72.6,67.6
Allen Hurns,67,,JAX,WR,26,10,8,0,0,0,0,0,0,0,0,56,39,484,2,62,102.4,79.9
Jeremy Maclin,70,,BAL,WR,29,12,12,0,0,0,0,0,0,0,0,72,40,440,3,62,105.0,82.0
Terrance Williams,69,,DAL,WR,28,16,14,0,0,0,0,0,2,15,0,78,53,568,0,62,114.3,84.8
Devontae Booker,59,,DEN,RB,25,13,0,0,0,0,0,0,79,299,1,38,30,275,0,61,98.4,76.4
Chris Godwin,71,,TAM,WR,21,16,2,0,0,0,0,0,0,0,0,55,34,525,1,59,95.5,75.5
Elijah McGuire,60,,NYJ,RB,23,16,2,0,0,0,0,0,88,315,1,26,17,177,1,59,84.2,67.7
Jalen Richard,61,,OAK,RB,24,16,1,0,0,0,0,0,56,275,1,36,27,256,1,59,95.1,72.6
Garrett Celek,23,,SFO,TE,29,16,13,0,0,0,0,0,0,0,0,33,21,336,4,58,81.6,68.1
Kerwynn Williams,62,,ARI,RB,26,16,6,0,0,0,0,0,120,426,1,15,10,93,0,58,70.9,62.9
T.J. Yeldon,63,,JAX,RB,24,10,0,0,0,0,0,0,49,253,2,41,30,224,0,58,94.7,72.7
Trey Burton,25,,PHI,TE,26,15,1,0,0,0,0,0,0,0,0,31,23,248,5,57,82.8,68.3
Julius Thomas,24,,MIA,TE,29,14,13,0,0,0,0,0,0,0,0,62,41,388,3,57,100.8,77.3
Cole Beasley,72,,DAL,WR,28,15,4,0,0,0,0,0,0,0,0,63,36,314,4,55,94.4,73.4
Jesse James,26,,PIT,TE,23,16,14,0,0,0,0,0,0,0,0,63,43,372,3,55,101.2,76.7
Cordarrelle Patterson,74,,OAK,WR,26,16,2,0,0,0,0,0,13,121,2,42,31,309,0,55,92.0,70.5
Torrey Smith,75,,PHI,WR,28,16,14,0,0,0,0,0,1,-3,0,67,36,430,2,55,93.7,72.7
Trent Taylor,73,,SFO,WR,23,15,1,0,0,0,0,0,0,0,0,60,43,430,2,55,100.0,74.5
Dalvin Cook,64,,MIN,RB,22,4,4,0,0,0,0,0,74,354,2,16,11,90,0,54,69.4,59.9
Roger Lewis,76,,NYG,WR,24,15,8,0,0,0,0,0,0,0,0,72,36,416,2,54,92.6,71.6
Odell Beckham,78,,NYG,WR,25,4,2,0,0,0,0,0,1,8,0,41,25,302,3,53,77.0,61.5
Bennie Fowler,77,,DEN,WR,26,16,4,0,0,0,0,0,0,0,0,56,29,350,3,53,85.0,67.5
Brice Butler,79,,DAL,WR,27,13,0,0,0,0,0,0,0,0,0,23,15,317,3,52,67.7,57.2
Ed Dickson,27,,CAR,TE,30,16,12,0,0,0,0,0,0,0,0,48,30,437,1,52,82.7,64.7
Antonio Gates,29,,LAC,TE,37,16,4,0,0,0,0,0,0,0,0,52,30,316,3,52,82.6,64.6
Austin Seferian-Jenkins,28,,NYJ,TE,25,13,10,0,0,0,0,0,0,0,0,74,50,357,3,52,105.7,76.7
John Brown,81,,ARI,WR,27,10,5,0,0,0,0,0,1,10,0,55,21,299,3,51,72.9,59.4
D'Onta Foreman,65,,HOU,RB,21,10,1,0,0,0,0,0,78,327,2,8,6,83,0,51,61.0,54.0
Donte Moncrief,80,,IND,WR,24,12,8,0,0,0,0,0,0,0,0,47,26,391,2,51,80.1,64.1
Tom Savage,39,,HOU,QB,27,8,7,125,223,1412,5,6,4,2,0,0,0,0,0,51,66.7,56.7
DeAndre Washington,66,,OAK,RB,24,15,0,0,0,0,0,0,57,153,2,45,34,197,1,51,92.0,68.0
Brandon Coleman,82,,NOR,WR,25,16,6,0,0,0,0,0,0,0,0,37,23,364,3,50,78.4,61.9
Pierre Garcon,83,,SFO,WR,31,8,8,0,0,0,0,0,0,0,0,67,40,500,0,50,93.0,70.0
Drew Stanton,40,,ARI,QB,33,5,4,79,159,894,6,5,9,7,0,0,0,0,0,50,58.5,55.5
Bruce Ellington,84,,HOU,WR,26,11,6,0,0,0,0,0,3,17,0,57,29,330,2,49,78.7,61.2
Taylor Gabriel,85,,ATL,WR,26,16,4,0,0,0,0,0,8,49,0,51,33,378,1,49,84.7,65.2
Andre Ellington,67,,2TM,RB,28,12,2,0,0,0,0,0,20,55,1,59,39,369,0,48,90.4,67.9
T.J. Jones,86,,DET,WR,25,14,6,0,0,0,0,0,0,0,0,49,30,399,1,48,80.9,62.9
Seth Roberts,87,,OAK,WR,26,15,7,0,0,0,0,0,0,0,0,65,43,455,1,48,95.5,69.0
Charcandrick West,68,,KAN,RB,26,13,0,0,0,0,0,0,18,72,2,34,27,150,2,46,76.2,59.7
Jamaal Charles,69,,DEN,RB,31,14,0,0,0,0,0,0,69,296,1,28,23,129,0,45,75.5,56.0
Josh Bellamy,88,,CHI,WR,28,15,7,0,0,0,0,0,1,6,0,46,24,376,1,44,71.2,56.2
Seth Devalve,31,,CLE,TE,24,16,4,0,0,0,0,0,0,0,0,58,33,395,1,44,80.5,60.0
Jermaine Gresham,30,,ARI,TE,29,14,14,0,0,0,0,0,0,0,0,46,33,322,2,44,80.2,60.7
Zay Jones,89,,BUF,WR,22,15,10,0,0,0,0,0,0,0,0,74,27,316,2,44,73.6,57.1
Corey Coleman,91,,CLE,WR,23,9,8,0,0,0,0,0,0,0,0,58,23,305,2,43,68.5,54.0
Cody Latimer,90,,DEN,WR,25,11,1,0,0,0,0,0,0,0,0,31,19,287,2,43,64.7,52.2
Coby Fleener,95,,NOR,WR,29,11,0,0,0,0,0,0,0,0,0,30,22,295,2,42,66.5,52.5
Rashard Higgins,94,,CLE,WR,23,15,4,0,0,0,0,0,1,4,0,50,27,312,2,42,72.6,55.1
Tavarres King,92,,NYG,WR,27,8,3,0,0,0,0,0,2,3,0,37,18,240,3,42,63.3,51.3
Chris Moore,93,,BAL,WR,24,13,4,0,0,0,0,0,2,-9,0,38,18,248,3,42,68.9,56.9
Nick O'Leary,32,,BUF,TE,25,15,5,0,0,0,0,0,0,0,0,32,22,322,2,42,68.2,53.2
Matt Moore,41,,MIA,QB,33,4,2,78,127,861,4,5,3,9,0,0,0,0,0,41,49.3,46.3
Stephen Anderson,33,,HOU,TE,24,15,5,0,0,0,0,0,0,0,0,52,25,342,1,40,68.2,52.7
Josh Gordon,99,,CLE,WR,26,5,5,0,0,0,0,0,0,0,0,42,18,335,1,40,60.5,48.5
Justin Hardy,97,,ATL,WR,26,16,1,0,0,0,0,0,0,0,0,29,20,221,3,40,63.1,50.1
Dontrelle Inman,96,,2TM,WR,28,12,7,0,0,0,0,0,0,0,0,44,25,343,1,40,68.3,52.8
Charles Sims,70,,TAM,RB,27,16,0,0,0,0,0,0,21,95,0,47,35,249,1,40,77.4,55.9
Shane Vereen,71,,NYG,RB,28,16,0,0,1,0,0,1,45,164,0,53,44,253,0,40,90.7,62.7
Dede Westbrook,98,,JAX,WR,24,7,5,0,0,0,0,0,0,0,0,51,27,339,1,40,69.9,53.4
Damien Williams,72,,MIA,RB,25,11,4,0,0,0,0,0,46,181,0,28,20,155,1,40,65.6,49.6
Corey Grant,74,,JAX,RB,26,16,0,0,0,0,0,0,30,248,2,4,3,41,0,39,45.9,40.4
Robert Kelley,73,,WAS,RB,25,7,7,0,0,0,0,0,62,194,3,7,4,18,0,39,46.2,41.2
Luke Willson,34,,SEA,TE,27,16,7,0,0,0,0,0,0,0,0,22,15,153,4,39,57.3,46.8
Alfred Blue,76,,HOU,RB,26,11,0,0,0,0,0,0,71,262,1,9,7,54,0,38,47.6,41.1
Kenny Britt,101,,2TM,WR,29,12,4,0,0,0,0,0,0,0,0,43,20,256,2,38,60.6,47.6
Nick Foles,42,,PHI,QB,28,7,3,57,101,537,5,2,11,3,0,0,0,0,0,38,40.8,35.8
Aldrick Robinson,100,,SFO,WR,29,16,1,0,0,0,0,0,0,0,0,48,19,260,2,38,60.0,47.5
Jacquizz Rodgers,75,,TAM,RB,27,16,4,0,0,0,0,0,64,244,1,11,9,74,0,38,49.8,42.3
Ricky Seals-Jones,35,,ARI,TE,22,10,1,0,0,0,0,0,0,0,0,28,12,201,3,38,53.1,44.1
Benny Cunningham,78,,CHI,RB,27,14,0,0,0,0,0,0,9,29,0,26,20,240,2,37,60.9,46.9
Mike Davis,77,,SEA,RB,24,6,6,0,0,0,0,0,68,240,0,18,15,131,0,37,58.1,44.6
Kyle Juszczyk*,79,,SFO,RB,26,14,10,0,0,0,0,0,7,31,0,42,33,315,1,37,74.6,53.1
Mike Tolbert,80,,BUF,RB,32,12,0,0,0,0,0,0,66,247,1,17,14,78,0,37,54.5,43.5
Malcolm Brown,81,,LAR,RB,24,11,1,0,0,0,0,0,63,246,1,11,9,53,0,36,47.9,40.4
Corey Davis,104,,TEN,WR,22,11,9,0,0,0,0,0,0,0,0,65,34,375,0,36,73.5,52.5
Rhett Ellison,39,,NYG,TE,29,16,14,0,0,0,0,0,0,0,0,32,24,235,2,36,62.5,47.5
Gerald Everett,36,,LAR,TE,23,16,2,0,0,0,0,0,1,13,0,32,16,244,2,36,55.7,43.7
Darren Fells,37,,DET,TE,31,16,13,0,0,0,0,0,0,0,0,26,17,177,3,36,55.7,44.2
Tyler Higbee,40,,LAR,TE,24,16,16,0,0,0,0,0,0,0,0,45,25,295,1,36,63.5,48.0
Johnny Holton,102,,OAK,WR,26,16,1,0,0,0,0,0,0,0,0,18,9,218,3,36,49.8,40.3
Ricardo Louis,103,,CLE,WR,23,16,9,0,0,0,0,0,0,0,0,61,27,357,0,36,65.7,49.2
Zach Miller,38,,CHI,TE,33,8,6,0,0,0,0,0,0,0,0,35,20,236,2,36,58.6,45.6
T.J. Yates,43,,HOU,QB,30,4,3,47,97,523,4,3,5,51,0,0,0,0,0,36,41.0,37.0
Tyler Boyd,106,,CIN,WR,23,10,1,0,0,0,0,0,0,0,0,32,22,225,2,35,59.5,45.5
Chester Rogers,105,,IND,WR,23,11,4,0,0,0,0,0,3,8,0,37,23,284,1,35,61.2,46.7
A.J. Derby,41,,2TM,TE,26,11,1,0,0,0,0,0,0,0,0,40,21,244,2,34,59.4,44.9
Mike Glennon,45,,CHI,QB,28,4,4,93,140,833,4,5,4,4,0,0,0,0,0,34,44.7,38.7
Kevin Hogan,44,,CLE,QB,25,4,1,46,75,517,4,5,10,71,0,0,0,0,0,34,41.8,38.8
Wendell Smallwood,82,,PHI,RB,23,8,3,0,0,0,0,0,47,174,1,18,13,103,0,34,52.7,40.2
Chris Carson,83,,SEA,RB,23,4,3,0,0,0,0,0,49,208,0,8,7,59,1,33,42.7,36.2
Jordan Reed,42,,WAS,TE,27,6,5,0,0,0,0,0,0,0,0,35,27,211,2,33,63.1,46.6
Taywan Taylor,107,,TEN,WR,22,16,4,0,0,0,0,0,8,43,0,28,16,231,1,33,52.4,41.4
Jakeem Grant,110,,MIA,WR,25,16,0,0,0,0,0,0,3,12,0,22,13,203,2,32,48.5,38.0
Jordan Matthews,108,,BUF,WR,25,10,7,0,0,0,0,0,0,0,0,36,25,282,1,32,61.2,44.7
Jarius Wright,109,,MIN,WR,28,16,0,0,0,0,0,0,0,0,0,25,18,198,2,32,52.8,40.8
Adam Shaheen,43,,CHI,TE,24,13,7,0,0,0,0,0,0,0,0,14,12,127,3,31,45.7,36.7
Tavon Austin,113,,LAR,WR,27,16,9,0,0,0,0,0,59,270,1,22,13,47,0,30,49.7,36.2
Tion Green,84,,DET,RB,24,5,0,0,0,0,0,0,42,165,2,2,2,14,0,30,34.9,30.9
Demetrius Harris,44,,KAN,TE,26,16,7,0,0,0,0,0,0,0,0,35,18,224,1,30,49.4,37.4
Andre Holmes,111,,BUF,WR,29,14,2,0,0,0,0,0,0,0,0,22,13,120,3,30,46.0,36.5
Terrelle Pryor,112,,WAS,WR,28,9,2,0,0,0,0,0,0,0,0,37,20,240,1,30,53.0,40.0
Martellus Bennett,45,,2TM,TE,30,9,7,0,0,0,0,0,0,0,0,44,30,286,0,29,61.6,43.6
Mack Hollins,114,,PHI,WR,24,16,0,0,0,0,0,0,0,0,0,22,16,226,1,29,47.6,36.6
Michael Campanaro,116,,BAL,WR,26,13,0,0,0,0,0,0,5,42,0,27,19,173,1,28,55.5,43.0
Elijhaa Penny,85,,ARI,RB,24,16,0,0,0,0,0,0,31,124,2,6,4,38,0,28,35.2,30.2
Russell Shepard,115,,CAR,WR,27,15,3,0,0,0,0,0,2,19,0,32,17,202,1,28,48.1,36.6
Jonnu Smith,46,,TEN,TE,22,16,13,0,0,0,0,0,0,0,0,30,18,157,2,28,48.7,36.7
Terrance West,86,,BAL,RB,26,5,4,0,0,0,0,0,39,138,2,4,2,23,0,28,32.1,27.1
Kapri Bibbs,87,,WAS,RB,24,3,0,0,0,0,0,0,21,79,0,17,14,128,1,27,43.7,33.7
Sam Bradford,47,,MIN,QB,30,2,2,32,43,382,3,0,2,-3,0,0,0,0,0,27,30.0,27.0
Bryce Petty,46,,NYJ,QB,26,4,3,55,112,544,1,3,7,55,0,0,0,0,0,27,31.3,28.3
De'Anthony Thomas,117,,KAN,WR,24,16,2,0,0,0,0,0,1,4,0,16,14,143,2,27,43.7,33.7
Kendrick Bourne,118,,SFO,WR,22,11,0,0,0,0,0,0,0,0,0,34,16,257,0,26,44.7,33.7
Jeff Heuerman,48,,DEN,TE,25,14,6,0,0,0,0,0,0,0,0,21,9,142,2,26,38.2,30.7
Lance Kendricks,47,,GNB,TE,29,16,9,0,0,0,0,0,0,0,0,35,18,203,1,26,47.3,35.3
Danny Woodhead,88,,BAL,RB,32,8,0,0,0,0,0,0,14,56,0,39,33,200,0,26,61.6,42.1
Virgil Green,49,,DEN,TE,29,16,16,0,0,0,0,0,0,0,0,22,14,191,1,25,42.1,32.1
Vance McDonald,51,,PIT,TE,27,10,7,0,0,0,0,0,0,0,0,24,14,188,1,25,41.8,31.8
Greg Olsen,50,,CAR,TE,32,7,7,0,0,0,0,0,0,0,0,38,17,191,1,25,45.1,33.6
Damiere Byrd,120,,CAR,WR,24,8,3,0,0,0,0,0,1,12,0,17,10,105,2,24,42.7,34.7
Alex Erickson,121,,CIN,WR,25,16,0,0,0,0,0,0,5,16,0,16,12,180,1,24,39.6,29.6
Ryan Griffin,53,,HOU,TE,27,7,6,0,0,0,0,0,0,0,0,26,13,158,1,24,39.8,30.3
Jeremy Kerley,119,,NYJ,WR,29,8,2,0,0,0,0,0,0,0,0,27,22,217,1,24,50.7,34.7
Dion Sims,52,,CHI,TE,26,14,14,0,0,0,0,0,0,0,0,29,15,180,1,24,42.0,31.5
Geronimo Allison,122,,GNB,WR,23,15,2,0,0,0,0,0,0,0,0,39,23,253,0,23,50.3,34.8
Tommy Bohanon,90,,JAX,RB,27,16,10,0,0,0,0,0,5,5,2,11,6,43,1,23,28.8,25.8
Eddie Lacy,91,,SEA,RB,27,9,3,0,0,0,0,0,69,179,0,6,6,47,0,23,31.6,25.6
Thomas Rawls,89,,SEA,RB,24,12,3,0,0,0,0,0,58,157,0,13,9,94,0,23,36.1,27.6
Nick Boyle,54,,BAL,TE,24,15,11,0,0,0,0,0,0,0,0,37,28,203,0,22,53.3,36.3
Travaris Cadet,92,,2TM,RB,28,9,0,0,0,0,0,0,23,96,0,19,16,119,0,22,40.5,29.5
Braxton Miller,123,,HOU,WR,25,11,3,0,0,0,0,0,1,1,0,29,19,162,1,22,44.3,31.8
Richard Rodgers,55,,GNB,TE,25,15,1,0,0,0,0,0,0,0,0,19,12,160,1,22,37.0,28.0
David Fales,48,,MIA,QB,27,2,0,29,43,265,1,1,4,8,1,0,0,0,0,21,20.4,20.4
James O'Shaughnessy,56,,JAX,TE,25,16,1,0,0,0,0,0,0,0,0,24,14,149,1,21,37.9,27.9
Demarcus Robinson,124,,KAN,WR,23,16,8,0,0,0,0,0,0,0,0,39,21,212,0,21,45.2,31.7
Phillip Dorsett,125,,NWE,WR,24,15,2,0,0,0,0,0,1,7,0,18,12,194,0,20,35.1,26.1
Laquon Treadwell,126,,MIN,WR,22,16,7,0,0,0,0,0,0,0,0,35,20,200,0,20,43.0,30.0
Brent Celek,58,,PHI,TE,32,16,10,0,0,0,0,0,0,0,0,24,13,130,1,19,35.0,25.5
Troy Niklas,57,,ARI,TE,25,15,11,0,0,0,0,0,0,0,0,23,11,132,1,19,33.2,24.7
Eli Rogers,127,,PIT,WR,25,14,4,0,0,0,0,0,0,0,0,36,18,149,1,19,40.9,27.9
Chris Conley,130,,KAN,WR,25,5,5,0,0,0,0,0,0,0,0,16,11,175,0,18,31.5,23.0
Louis Murphy,128,,SFO,WR,30,7,7,0,0,0,0,0,0,0,0,17,8,121,1,18,29.1,22.1
Curtis Samuel,129,,CAR,WR,21,9,4,0,0,0,0,0,4,64,0,26,15,115,0,18,35.9,25.4
Levine Toilolo,60,,ATL,TE,26,15,12,0,0,0,0,0,0,0,0,14,12,122,1,18,39.2,30.2
Eric Tomlinson,61,,NYJ,TE,25,14,12,0,0,0,0,0,0,0,0,11,8,121,1,18,29.1,22.1
Nick Vannett,59,,SEA,TE,24,15,4,0,0,0,0,0,0,0,0,15,12,124,1,18,33.4,24.4
Kenjon Barner,93,,PHI,RB,27,13,1,0,0,0,0,0,16,57,1,8,5,56,0,17,22.3,19.8
Anthony Fasano,62,,MIA,TE,33,16,6,0,0,0,0,0,0,0,0,16,12,107,1,17,31.7,22.7
Tommylee Lewis,131,,NOR,WR,25,15,0,0,0,0,0,0,2,14,0,14,10,116,1,17,31.0,22.0
Stevan Ridley,95,,PIT,RB,28,2,1,0,0,0,0,0,26,108,1,0,0,0,0,17,19.8,16.8
Robert Turbin,94,,IND,RB,28,6,1,0,0,0,0,0,23,53,1,11,9,56,0,17,25.9,21.4
Cameron Artis-Payne,96,,CAR,RB,27,13,0,0,0,0,0,0,18,95,1,1,1,2,0,16,16.7,16.2
Chris Johnson,97,,ARI,RB,32,4,3,0,0,0,0,0,45,114,0,6,5,43,0,16,23.7,18.2
Jaydon Mickens,133,,JAX,WR,23,10,0,0,0,0,0,0,0,0,0,11,6,77,2,16,29.7,24.7
David Morgan,63,,MIN,TE,24,15,6,0,0,0,0,0,0,0,0,12,10,95,1,16,25.5,20.5
Josh Reynolds,132,,LAR,WR,22,16,1,0,0,0,0,0,0,0,0,24,11,104,1,16,30.4,21.9
Dwayne Allen,66,,NWE,TE,27,16,8,0,0,0,0,0,0,0,0,22,10,86,1,15,24.6,19.6
D.J. Foster,98,,ARI,RB,24,7,0,0,0,0,0,0,6,19,0,28,17,133,0,15,35.2,23.7
James Hanna,65,,DAL,TE,28,16,8,0,0,0,0,0,0,0,0,9,4,88,1,15,18.8,16.8
Paxton Lynch,49,,DEN,QB,23,2,2,30,45,295,2,3,5,30,0,0,0,0,0,15,18.8,17.8
Brandon Marshall,134,,NYG,WR,33,5,5,0,0,0,0,0,0,0,0,33,18,154,0,15,36.4,24.4
Anthony Sherman,99,,KAN,RB,29,16,3,0,0,0,0,0,14,40,1,8,6,47,0,15,20.7,17.7
C.J. Uzomah,64,,CIN,TE,24,14,4,0,0,0,0,0,0,0,0,15,10,92,1,15,25.2,20.2
James Conner,100,,PIT,RB,22,14,0,0,0,0,0,0,32,144,0,1,0,0,0,14,17.4,14.4
C.J. Ham,101,,MIN,RB,24,16,1,0,0,0,0,0,7,13,1,8,7,68,0,14,21.1,17.6
Darrius Heyward-Bey,138,,PIT,WR,30,16,0,0,0,0,0,0,2,32,1,3,2,47,0,14,15.9,14.9
Josh Hill,67,,NOR,TE,27,16,11,0,0,0,0,0,1,-8,0,22,16,125,1,14,34.7,21.7
EJ Manuel,50,,OAK,QB,27,2,1,24,43,265,1,1,2,15,0,0,0,0,0,14,15.1,15.1
Tre McBride,135,,CHI,WR,25,8,3,0,0,0,0,0,0,0,0,15,8,144,0,14,25.4,18.4
Jamize Olawale,102,,OAK,RB,28,12,0,0,0,0,0,0,9,43,1,7,6,33,0,14,19.6,16.6
Paul Perkins,103,,NYG,RB,23,11,4,0,0,0,0,0,41,90,0,10,8,46,0,14,21.6,17.6
Brandon Tate,137,,BUF,WR,30,13,1,0,0,0,0,0,0,0,0,14,6,81,1,14,20.1,17.1
Jordan Taylor,136,,DEN,WR,25,10,2,0,0,0,0,0,0,0,0,20,13,142,0,14,30.2,20.7
Kamar Aiken,139,,IND,WR,28,15,7,0,0,0,0,0,0,0,0,44,15,133,0,13,31.3,20.8
Brenton Bersin,142,,CAR,WR,27,8,1,0,0,0,0,0,0,0,0,14,8,128,0,13,23.8,16.8
Daniel Brown,141,,CHI,WR,25,14,2,0,0,0,0,0,0,0,0,20,13,129,0,13,28.9,19.4
C.J. Fiedorowicz,69,,HOU,TE,26,5,5,0,0,0,0,0,0,0,0,22,14,127,0,13,29.7,19.7
Jeremy Hill,104,,CIN,RB,25,7,7,0,0,0,0,0,37,116,0,4,4,16,0,13,20.2,15.2
Josh Malone,143,,CIN,WR,21,11,7,0,0,0,0,0,2,2,0,17,6,63,1,13,18.5,15.5
Roosevelt Nix*,105,,PIT,RB,25,16,4,0,0,0,0,0,3,0,1,3,2,6,1,13,14.6,13.6
Logan Thomas,68,,BUF,TE,26,12,2,0,0,0,0,0,0,0,0,9,7,67,1,13,19.7,16.2
Fozzy Whittaker,106,,CAR,RB,28,12,0,0,0,0,0,0,7,18,0,6,5,47,1,13,17.5,15.0
Maxx Williams,140,,BAL,WR,23,11,8,0,0,0,0,0,2,6,0,18,15,86,1,13,29.2,20.7
Marvin Hall,146,,ATL,WR,24,8,0,0,0,0,0,0,0,0,0,9,2,60,1,12,14.0,13.0
Maurice Harris,144,,WAS,WR,25,6,0,0,0,0,0,0,0,0,0,6,4,62,1,12,16.2,14.2
Ryan Mallett,51,,BAL,QB,29,2,0,9,16,56,2,0,4,-3,0,0,0,0,0,12,9.9,9.9
Travis Rudolph,145,,NYG,WR,22,7,1,0,0,0,0,0,0,0,0,21,8,101,0,12,21.1,14.1
Terron Ward,107,,ATL,RB,25,14,0,0,0,0,0,0,30,129,0,3,3,14,0,12,19.3,13.8
Brandon Williams,70,,IND,TE,30,14,10,0,0,0,0,0,0,0,0,17,13,121,0,12,28.1,18.6
Lance Dunbar,109,,LAR,RB,27,4,0,0,0,0,0,0,11,51,1,3,1,1,0,11,12.2,11.7
Trey Edmunds,113,,NOR,RB,23,16,0,0,0,0,0,0,9,48,1,0,0,0,0,11,10.8,10.8
De'Angelo Henderson,112,,DEN,RB,25,5,0,0,0,0,0,0,7,13,0,2,2,36,1,11,12.9,11.9
Michael Hoomanawanui,71,,NOR,TE,29,14,10,0,0,0,0,0,0,0,0,10,6,52,1,11,17.2,14.2
Andy Janovich,114,,DEN,RB,24,16,4,0,0,0,0,0,6,12,1,6,4,35,0,11,14.7,12.7
Branden Oliver,111,,LAC,RB,26,8,0,0,0,0,0,0,35,83,0,11,6,26,0,11,16.9,13.9
C.J. Prosise,110,,SEA,RB,23,5,0,0,0,0,0,0,11,23,0,11,6,87,0,11,17.0,14.0
Hunter Sharp,147,,2TM,WR,23,3,1,0,0,0,0,0,0,0,0,9,5,54,1,11,16.4,13.9
Darren Sproles,108,,PHI,RB,34,3,0,0,0,0,0,0,15,61,0,12,7,73,0,11,19.4,14.9
ArDarius Stewart,148,,NYJ,WR,24,15,2,0,0,0,0,0,7,27,0,13,6,82,0,11,16.9,13.9
Zach Line,115,,NOR,RB,27,12,4,0,0,0,0,0,7,28,0,5,2,8,1,10,11.6,10.6
Patrick Mahomes,53,,KAN,QB,22,1,1,22,35,284,0,1,7,10,0,0,0,0,0,10,11.4,11.4
Freddie Martino,151,,TAM,WR,26,8,0,0,0,0,0,0,0,0,0,6,5,96,0,10,14.6,12.1
Niles Paul,149,,WAS,WR,28,14,8,0,0,0,0,0,2,4,0,19,13,94,0,10,22.8,16.3
Nathan Peterman,52,,BUF,QB,23,4,2,24,49,252,2,5,7,23,0,0,0,0,0,10,15.4,15.4
Geno Smith,54,,NYG,QB,27,2,1,21,36,212,1,0,4,12,0,0,0,0,0,10,11.7,9.7
Jaelen Strong,150,,2TM,WR,23,2,0,0,0,0,0,0,0,0,0,4,3,38,1,10,12.8,11.3
Phillip Supernaw,73,,TEN,TE,27,16,3,0,0,0,0,0,0,0,0,6,4,39,1,10,13.9,11.9
Austin Traylor,72,,DEN,TE,24,7,3,0,0,0,0,0,0,0,0,13,8,100,0,10,21.0,14.0
Mike Williams,152,,LAC,WR,23,10,1,0,0,0,0,0,0,0,0,23,11,95,0,10,20.5,15.0
Jerell Adams,157,,NYG,WR,25,16,1,0,0,0,0,0,0,0,0,11,8,92,0,9,17.2,13.2
Kaelin Clay,155,,2TM,WR,25,13,2,0,0,0,0,0,3,27,0,19,6,85,0,9,22.2,18.2
Xavier Grimble,156,,PIT,WR,25,15,2,0,0,0,0,0,0,0,0,9,5,32,1,9,14.2,11.7
Chad Hansen,153,,NYJ,WR,22,15,1,0,0,0,0,0,0,0,0,17,9,94,0,9,18.4,13.9
Landry Jones,55,,PIT,QB,28,3,1,23,28,239,1,1,8,-10,0,0,0,0,0,9,10.6,9.6
Luke Stocker,74,,2TM,TE,29,12,5,0,0,0,0,0,0,0,0,5,4,30,1,9,13.0,11.0
Mike Thomas,154,,LAR,WR,23,8,1,0,0,0,0,0,0,0,0,7,5,93,0,9,14.3,11.8
Jesus Wilson,158,,TAM,WR,22,3,1,0,0,0,0,0,3,8,0,1,1,18,1,9,9.6,9.1
Zach Zenner,116,,DET,RB,26,8,0,0,0,0,0,0,14,26,1,1,0,0,0,9,8.6,8.6
Trevor Davis,162,,GNB,WR,24,16,0,0,0,0,0,0,2,13,0,7,5,70,0,8,13.3,10.8
Michael Floyd,164,,MIN,WR,28,11,1,0,0,0,0,0,0,0,0,17,10,78,0,8,17.8,12.8
Justin Hunter,161,,PIT,WR,26,7,1,0,0,0,0,0,0,0,0,10,4,23,1,8,12.3,10.3
Breshad Perriman,165,,BAL,WR,24,11,3,0,0,0,0,0,0,0,0,35,10,77,0,8,17.7,12.7
Brian Quick,166,,WAS,WR,28,11,1,0,0,0,0,0,0,0,0,8,6,76,0,8,13.6,10.6
Lee Smith,77,,OAK,TE,30,16,9,0,0,0,0,0,0,0,0,11,8,76,0,8,15.6,11.6
Neal Sterling,163,,NYJ,WR,25,11,1,0,0,0,0,0,0,0,0,10,6,82,0,8,14.2,11.2
Nate Sudfeld,56,,PHI,QB,24,1,0,19,23,134,0,0,1,22,0,0,0,0,0,8,7.6,7.6
Chris Thompson,160,,HOU,WR,23,13,0,0,0,0,0,0,0,0,0,6,5,84,0,8,13.4,10.9
Ross Travis,76,,2TM,TE,24,15,3,0,0,0,0,0,0,0,0,17,7,76,0,8,14.6,11.1
Clive Walford,75,,OAK,TE,26,13,0,0,0,0,0,0,0,0,0,13,9,80,0,8,17.0,12.5
Kasen Williams,159,,CLE,WR,25,7,2,0,0,0,0,0,0,0,0,18,9,84,0,8,17.4,12.9
Brandon Bolden,117,,NWE,RB,27,16,0,0,0,0,0,0,13,67,0,4,1,7,0,7,8.4,7.9
Derek Carrier,171,,LAR,WR,27,14,3,0,0,0,0,0,0,0,0,11,8,71,0,7,15.1,11.1
Leonte Carroo,175,,MIA,WR,23,14,0,0,0,0,0,0,0,0,0,12,7,69,0,7,13.9,10.4
Sammie Coates,172,,CLE,WR,24,12,1,0,0,0,0,0,0,0,0,11,6,70,0,7,13.0,10.0
Pharoh Cooper*+,173,,LAR,WR,22,16,1,0,0,0,0,0,1,6,0,19,11,84,0,7,25.0,18.5
Amara Darboh,170,,SEA,WR,23,16,0,0,0,0,0,0,0,0,0,13,8,71,0,7,15.1,11.1
Brittan Golden,174,,ARI,WR,29,13,0,0,0,0,0,0,0,0,0,9,5,70,0,7,12.0,9.5
Brian Hill,118,,2TM,RB,22,7,0,0,0,0,0,0,11,37,0,2,2,36,0,7,9.3,8.3
David Johnson,119,,ARI,RB,26,1,1,0,0,0,0,0,11,23,0,9,6,67,0,7,14.0,10.0
Tre Madden,122,,SEA,RB,24,8,3,0,0,0,0,0,0,0,0,2,2,65,0,7,8.5,7.5
Byron Marshall,121,,WAS,RB,23,4,0,0,0,0,0,0,9,32,0,8,6,36,0,7,12.8,9.8
Tanner McEvoy,167,,SEA,WR,24,15,0,0,1,0,0,1,0,0,0,9,5,113,0,7,17.3,10.8
Marcus Murphy,120,,BUF,RB,26,1,0,0,0,0,0,0,7,41,0,2,2,7,0,7,6.8,5.8
Willie Snead,169,,NOR,WR,25,11,7,0,0,0,0,0,0,0,0,16,8,92,0,7,16.2,11.2
Jeremy Sprinkle,168,,WAS,WR,23,11,5,0,0,0,0,0,0,0,0,3,2,13,1,7,9.3,8.3
Bryce Treggs,176,,CLE,WR,23,6,1,0,0,0,0,0,1,6,0,18,5,79,0,7,12.5,9.0
Alan Cross,79,,TAM,TE,24,8,4,0,0,0,0,0,0,0,0,6,5,58,0,6,10.8,8.3
Jalston Fowler,123,,TEN,RB,27,10,1,0,0,0,0,0,2,4,1,1,0,0,0,6,6.4,6.4
Ben Koyack,78,,JAX,TE,24,16,3,0,0,0,0,0,0,0,0,7,5,38,0,6,10.8,8.3
Vince Mayle,178,,BAL,WR,26,16,0,0,0,0,0,0,2,2,1,1,0,0,0,6,6.2,6.2
Dwayne Washington,125,,DET,RB,23,5,0,0,0,0,0,0,20,44,0,2,2,14,0,6,7.8,6.8
Derek Watt,124,,LAC,RB,25,16,4,0,0,0,0,0,6,24,0,3,2,35,0,6,7.9,6.9
Chad Williams,177,,ARI,WR,23,6,1,0,0,0,0,0,2,33,0,7,3,31,0,6,9.4,7.9
Orson Charles,80,,KAN,TE,26,5,0,0,0,0,0,0,0,0,0,2,2,53,0,5,7.3,6.3
Tyler Eifert,82,,CIN,TE,27,2,0,0,0,0,0,0,0,0,0,5,4,46,0,5,8.6,6.6
Tyler Ervin,128,,HOU,RB,24,4,0,0,0,0,0,0,4,12,0,11,8,38,0,5,13.0,9.0
Jacob Hollister,81,,NWE,TE,24,15,1,0,0,0,0,0,1,5,0,11,4,42,0,5,8.7,6.7
Akeem Hunt,126,,KAN,RB,24,15,0,0,0,0,0,0,8,23,0,7,4,31,0,5,9.4,7.4
Sean Mannion,57,,LAR,QB,25,5,1,22,37,185,0,0,9,-2,0,0,0,0,0,5,6.2,5.2
Sean McGrath,83,,LAC,TE,30,15,6,0,0,0,0,0,0,0,0,4,4,46,0,5,8.6,6.6
Ifeanyi Momah,85,,ARI,TE,28,9,2,0,0,0,0,0,0,0,0,2,1,46,0,5,5.6,5.1
Aaron Ripkowski,127,,GNB,RB,25,16,2,0,0,0,0,0,5,13,0,10,7,39,0,5,12.2,8.7
Michael Roberts,84,,DET,TE,23,15,3,0,0,0,0,0,0,0,0,7,4,46,0,5,8.6,6.6
Joe Webb,58,,BUF,QB,31,16,0,2,7,35,0,1,8,54,0,0,0,0,0,5,5.8,5.8
Markus Wheaton,179,,CHI,WR,26,11,0,0,0,0,0,0,0,0,0,17,3,51,0,5,8.1,6.6
Jared Abbrederis,180,,DET,WR,27,7,0,0,0,0,0,0,0,0,0,7,3,44,0,4,7.4,5.9
Blake Bell,86,,MIN,TE,26,13,3,0,0,0,0,0,0,0,0,4,3,19,0,4,6.9,5.4
Quan Bray,182,,IND,WR,24,9,0,0,0,0,0,0,0,0,0,4,3,39,0,4,6.9,5.4
Mack Brown,131,,2TM,RB,26,4,0,0,0,0,0,0,8,29,0,1,1,11,0,4,5.0,4.5
Michael Clark,181,,GNB,WR,22,2,0,0,0,0,0,0,0,0,0,14,4,41,0,4,8.1,6.1
Matthew Dayes,130,,CLE,RB,23,16,0,0,0,0,0,0,5,13,0,5,4,29,0,4,8.2,6.2
James Develin*,87,,NWE,TE,29,16,7,0,0,0,0,0,0,0,0,10,6,38,0,4,9.8,6.8
Tanner Gentry,184,,CHI,WR,23,4,3,0,0,0,0,0,0,0,0,6,3,35,0,4,6.5,5.0
Bernard Reedy,183,,2TM,WR,26,11,0,0,0,0,0,0,3,17,0,2,2,21,0,4,5.8,4.8
Randall Telfer,89,,CLE,TE,25,16,14,0,0,0,0,0,0,0,0,4,3,36,0,4,6.6,5.1
Lawrence Thomas,129,,NYJ,RB,24,14,4,0,0,0,0,0,2,1,0,7,6,43,0,4,10.4,7.4
Will Tye,88,,NYJ,TE,26,3,1,0,0,0,0,0,0,0,0,6,4,38,0,4,7.8,5.8
Antony Auclair,190,,TAM,WR,24,8,3,0,0,0,0,0,0,0,0,2,2,25,0,3,4.5,3.5
Noah Brown,186,,DAL,WR,21,13,1,0,0,0,0,0,0,0,0,9,4,33,0,3,7.3,5.3
Emanuel Byrd,90,,GNB,TE,23,1,0,0,0,0,0,0,0,0,0,2,2,31,0,3,5.1,4.1
Derrick Coleman,135,,ATL,RB,27,16,7,0,0,0,0,0,2,8,0,7,2,20,0,3,4.8,3.8
Darrell Daniels,91,,IND,TE,23,12,3,0,0,0,0,0,0,0,0,13,3,26,0,3,5.6,4.1
Patrick DiMarco,137,,BUF,RB,28,16,9,0,0,0,0,0,2,-2,0,10,7,28,0,3,9.6,6.1
Marcus Johnson,192,,PHI,WR,23,10,0,0,0,0,0,0,0,0,0,8,5,45,0,3,8.5,5.0
Cody Kessler,59,,CLE,QB,24,3,0,11,23,126,0,1,1,-1,0,0,0,0,0,3,3.9,3.9
Jordan Leslie,188,,CLE,WR,26,2,0,0,0,0,0,0,0,0,0,1,1,26,0,3,3.6,3.1
Chris Matthews,191,,BAL,WR,28,6,0,0,0,0,0,0,0,0,0,6,3,25,0,3,5.5,4.0
A.J. McCarron,60,,CIN,QB,27,3,0,7,14,66,0,0,0,0,0,0,0,0,0,3,2.6,2.6
Jojo Natson,185,,NYJ,WR,23,7,0,0,0,0,0,0,1,15,0,5,2,18,0,3,5.3,4.3
Senorise Perry,133,,MIA,RB,26,16,0,0,0,0,0,0,8,30,0,1,1,3,0,3,4.3,3.8
Jay Prosch,134,,HOU,RB,25,16,5,0,0,0,0,0,0,0,0,4,4,31,0,3,7.1,5.1
De'Veon Smith,136,,MIA,RB,23,5,0,0,0,0,0,0,0,0,0,3,3,27,0,3,5.7,4.2
Keith Smith,138,,DAL,RB,25,16,3,0,0,0,0,0,0,0,0,5,5,26,0,3,7.6,5.1
Geoff Swaim,92,,DAL,TE,24,15,2,0,0,0,0,0,0,0,0,2,2,25,0,3,4.5,3.5
Ryan Switzer,189,,DAL,WR,23,16,0,0,0,0,0,0,4,5,0,7,6,41,0,3,15.6,11.6
Fitzgerald Toussaint,132,,PIT,RB,27,6,0,0,0,0,0,0,6,25,0,3,2,9,0,3,5.4,4.4
Andre Williams,139,,LAC,RB,25,8,0,0,0,0,0,0,9,25,0,0,0,0,0,3,2.5,2.5
Nick Williams,187,,ATL,WR,27,1,0,0,0,0,0,0,0,0,0,4,3,30,0,3,6.0,4.5
Michael Burton,145,,CHI,RB,25,16,3,0,0,0,0,0,4,9,0,4,2,8,0,2,3.7,2.7
Matt Cassel,61,,TEN,QB,35,2,1,25,42,162,1,2,0,0,0,0,0,0,0,2,6.5,4.5
Jehu Chesson,195,,KAN,WR,24,12,1,0,0,0,0,0,0,0,0,4,2,18,0,2,3.8,2.8
Josh Ferguson,142,,IND,RB,24,10,0,0,0,0,0,0,1,5,0,4,3,16,0,2,5.1,3.6
David Fluellen,141,,TEN,RB,25,16,0,0,0,0,0,0,4,21,0,1,0,0,0,2,2.1,2.1
MarQueis Gray,93,,MIA,TE,28,16,0,0,1,0,0,0,5,14,0,3,1,10,0,2,3.4,2.9
Ryan Hewitt,140,,CIN,RB,26,13,4,0,0,0,0,0,0,0,0,2,2,22,0,2,4.2,3.2
Cole Hikutini,95,,SFO,TE,23,4,0,0,0,0,0,0,0,0,0,3,2,15,0,2,3.5,2.5
Chris Manhertz,94,,CAR,TE,25,16,4,0,0,0,0,0,0,0,0,4,2,17,0,2,3.7,2.7
Bobby Rainey,143,,BAL,RB,30,4,0,0,0,0,0,0,1,2,0,7,5,18,0,2,13.0,10.5
Allen Robinson,196,,JAX,WR,24,1,1,0,0,0,0,0,0,0,0,1,1,17,0,2,2.7,2.2
Dan Vitale,144,,CLE,RB,24,15,6,0,0,0,0,0,0,0,0,5,3,19,0,2,4.9,3.4
Griff Whalen,194,,BAL,WR,27,2,0,0,0,0,0,0,0,0,0,6,4,23,0,2,6.3,4.3
DeAndrew White,193,,HOU,WR,26,2,1,0,0,0,0,0,0,0,0,7,1,24,0,2,3.4,2.9
Arrelious Benn,199,,JAX,WR,29,9,0,0,0,0,0,0,0,0,0,2,1,12,0,1,2.2,1.7
LeShun Daniels,147,,WAS,RB,22,4,0,0,0,0,0,0,3,14,0,0,0,0,0,1,1.4,1.4
Harry Douglas,201,,TEN,WR,33,2,0,0,0,0,0,0,0,0,0,3,1,8,0,1,1.8,1.3
Shelton Gibson,200,,PHI,WR,22,5,0,0,0,0,0,0,0,0,0,3,2,11,0,1,3.1,2.1
Cobi Hamilton,202,,HOU,WR,27,3,1,0,0,0,0,0,0,0,0,6,1,8,0,1,1.8,1.3
Taylor Heinicke,65,,HOU,QB,24,1,0,1,1,10,0,0,1,2,0,0,0,0,0,1,0.6,0.6
Jeff Janis,198,,GNB,WR,26,16,0,0,0,0,0,0,0,0,0,5,2,12,0,1,3.2,2.2
Matt Jones,146,,IND,RB,24,5,0,0,0,0,0,0,5,14,0,0,0,0,0,1,1.4,1.4
Taiwan Jones,148,,BUF,RB,29,8,0,0,0,0,0,0,0,0,0,2,1,11,0,1,2.1,1.6
Raheem Mostert,149,,SFO,RB,25,11,0,0,0,0,0,0,6,30,0,0,0,0,0,1,2.0,1.0
Larry Pinkard,204,,JAX,WR,25,4,0,0,0,0,0,0,0,0,0,1,1,5,0,1,1.5,1.0
Darius Powe,197,,NYG,WR,23,1,1,0,0,0,0,0,0,0,0,4,2,13,0,1,3.3,2.3
Jake Rudock,64,,DET,QB,24,3,0,3,5,24,0,1,0,0,0,0,0,0,0,1,,
Cooper Rush,62,,DAL,QB,24,2,0,1,3,2,0,0,2,13,0,0,0,0,0,1,1.4,1.4
Scott Tolzien,63,,IND,QB,30,1,1,9,18,128,0,2,2,2,0,0,0,0,0,1,3.3,3.3
Terrell Watson,150,,PIT,RB,24,10,0,0,0,0,0,0,5,8,0,0,0,0,0,1,0.8,0.8
Eric Weems,205,,TEN,WR,32,16,0,0,0,0,0,0,1,0,0,2,1,5,0,1,1.5,1.0
Kevin White,203,,CHI,WR,25,1,1,0,0,0,0,0,0,0,0,4,2,6,0,1,2.6,1.6
Derek Anderson,66,,CAR,QB,34,3,0,2,8,17,0,0,2,-2,0,0,0,0,0,,0.5,0.5
Joe Banyard,155,,BUF,,29,3,0,0,0,0,0,0,0,0,0,0,0,0,0,,,
Evan Baylis,113,,HOU,,24,1,0,0,0,0,0,0,0,0,0,0,0,0,0,,,
Victor Bolden,214,,SFO,,22,9,0,0,0,0,0,0,0,0,0,0,0,0,0,,,
Ben Braunecker,100,,CHI,,23,8,0,0,0,0,0,0,0,0,0,0,0,0,0,,,
Joe Callahan,67,,GNB,QB,24,1,0,5,7,11,0,0,0,0,0,0,0,0,0,,0.4,0.4
Cethan Carter,102,,CIN,,24,16,0,0,0,0,0,0,0,0,0,0,0,0,0,,,
Stacy Coley,215,,MIN,,23,4,0,0,0,0,0,0,0,0,0,0,0,0,0,,,
Cody Core,210,,CIN,,23,13,0,0,0,0,0,0,0,0,0,4,0,0,0,,,
Sean Culkin,106,,LAC,,24,1,0,0,0,0,0,0,0,0,0,0,0,0,0,,,
Jeff Cumberland,98,,LAC,TE,30,7,3,0,0,0,0,0,0,0,0,3,2,2,0,,2.2,1.2
Chase Daniel,70,,NOR,QB,31,1,0,0,0,0,0,0,3,-2,0,0,0,0,0,,-0.2,-0.2
Austin Davis,69,,SEA,QB,28,3,0,0,0,0,0,0,1,-1,0,0,0,0,0,,-0.1,-0.1
Geremy Davis,211,,LAC,,25,2,0,0,0,0,0,0,0,0,0,0,0,0,0,,,
Justin Davis,153,,LAR,RB,22,4,0,0,0,0,0,0,1,1,0,0,0,0,0,,0.1,0.1
Jim Dray,105,,ARI,,31,1,0,0,0,0,0,0,0,0,0,0,0,0,0,,,
Gavin Escobar,99,,BAL,,26,2,0,0,0,0,0,0,0,0,0,0,0,0,0,,,
Garrett Griffin,96,,NOR,TE,23,3,0,0,0,0,0,0,0,0,0,1,1,4,0,,1.4,0.9
Justin Hardee,216,,NOR,,23,14,0,0,0,0,0,0,0,0,0,0,0,0,0,,,
Clark Harris*,108,,CIN,,33,16,0,0,0,0,0,0,0,0,0,0,0,0,0,,,
Matt Hazel,208,,IND,WR,25,4,0,0,0,0,0,0,0,0,0,1,1,1,0,,1.1,0.6
Bronson Hill,159,,ARI,RB,24,2,0,0,0,0,0,0,1,-2,0,0,0,0,0,,-0.2,-0.2
Andy Jones,212,,2TM,,23,3,0,0,0,0,0,0,0,0,0,0,0,0,0,,,
Joe Kerridge,151,,GNB,RB,25,4,0,0,0,0,0,0,0,0,0,1,1,3,0,,1.3,0.8
John Kuhn,152,,NOR,RB,35,2,1,0,0,0,0,0,1,2,0,0,0,0,0,,0.2,0.2
Matt LaCosse,114,,2TM,,25,5,1,0,0,0,0,0,0,0,0,1,0,0,0,,,
Daniel Lasco,158,,NOR,,25,3,0,0,0,0,0,0,0,0,0,0,0,0,0,,,
Khari Lee,103,,BUF,,25,8,0,0,0,0,0,0,0,0,0,0,0,0,0,,,
Terrence Magee,156,,ATL,,24,2,0,0,0,0,0,0,0,0,0,0,0,0,0,,,
Ryan Malleck,97,,HOU,TE,24,2,0,0,0,0,0,0,0,0,0,1,1,3,0,,1.3,0.8
Bradley Marquez,213,,DET,,25,1,0,0,0,0,0,0,0,0,0,0,0,0,0,,,
Max McCaffrey,206,,JAX,WR,23,5,0,0,0,0,0,0,0,0,0,1,1,4,0,,1.4,0.9
Colt McCoy,68,,WAS,,31,1,0,0,0,0,0,0,0,0,0,0,0,0,0,,,
Darren McFadden,160,,DAL,RB,30,1,0,0,0,0,0,0,1,-2,0,0,0,0,0,,-0.2,-0.2
Ryan O'Malley,109,,NYG,,24,1,0,0,0,0,0,0,0,0,0,0,0,0,0,,,
Logan Paulsen,110,,SFO,,30,14,1,0,0,0,0,0,0,0,0,2,0,0,0,,,
Charone Peake,207,,NYJ,WR,25,3,0,0,0,0,0,0,0,0,0,1,1,3,0,,1.3,0.8
John Phillips,107,,NOR,,30,1,0,0,0,0,0,0,0,0,0,0,0,0,0,,,
MyCole Pruitt,101,,HOU,,25,1,0,0,0,0,0,0,0,0,0,0,0,0,0,,,
Eric Saubert,104,,ATL,,23,14,0,0,0,0,0,0,0,0,0,0,0,0,0,,,
Matt Slater*,209,,NWE,,32,9,0,0,0,0,0,0,0,0,0,0,0,0,0,,,
Nate Solder,111,,NWE,,29,16,16,0,0,0,0,0,0,0,0,0,0,0,0,,,
C.J. Spiller,154,,KAN,RB,30,1,0,0,0,0,0,0,2,0,0,2,0,0,0,,,
Jordan Todman,157,,HOU,,27,14,0,0,0,0,0,0,0,0,0,0,0,0,0,,,
Hakeem Valles,112,,DET,,25,1,0,0,0,0,0,0,0,0,0,0,0,0,0,,,
Kellen Clemens,72,,LAC,QB,34,8,0,6,8,36,0,1,5,-5,0,0,0,0,0,-1,-0.1,-0.1
Chad Henne,71,,JAX,QB,32,2,0,0,2,0,0,0,5,-5,0,0,0,0,0,-1,-0.5,-0.5
Isaiah McKenzie,217,,DEN,WR,22,11,0,0,0,0,0,0,1,4,0,13,4,29,0,-1,5.3,1.3
Kalif Raymond,220,,2TM,WR,23,8,0,0,0,0,0,0,1,-1,0,1,1,12,0,-1,1.1,-0.4
Andre Roberts,218,,ATL,WR,29,16,0,0,0,0,0,0,0,0,0,4,1,12,0,-1,1.2,-0.3
John Ross,219,,CIN,WR,23,3,1,0,0,0,0,0,1,12,0,2,0,0,0,-1,0.2,-0.8
Tyler Bray,73,,KAN,QB,26,1,0,0,1,0,0,0,1,0,0,0,0,0,0,-2,-1.0,-2.0
Teddy Bridgewater,74,,MIN,QB,25,1,0,0,2,0,0,1,3,-3,0,0,0,0,0,-2,-1.3,-1.3
Matt Haack,221,,MIA,WR,23,16,0,0,1,0,0,1,0,0,0,0,0,0,0,-2,-1.0,-1.0
Devante Mays,161,,GNB,RB,23,8,0,0,0,0,0,0,4,1,0,3,3,0,0,-2,2.1,-0.4
