 ,PosRank,OvRank,Tm,FantPos,Age,G,GS,Cmp,Att,Yds,8.7,Int,Att,Yds,TD,Tgt,Rec,Yds,TD,FantPt,DKPt,FDPt
Jamaal Charles*+,1,1,KAN,RB,27,15,15,0,0,0,0,0,259,1287,12,104,70,693,7,308,386.0,343.0
Peyton Manning*+,1,2,DEN,QB,37,16,16,450,659,5477,55,10,32,-31,1,0,0,0,0,414,431.0,422.0
LeSean McCoy*+,2,3,PHI,RB,25,16,16,0,0,0,0,0,314,1607,9,64,52,539,2,279,337.6,304.6
Matt Forte*,3,4,CHI,RB,28,16,16,0,0,0,0,0,289,1339,9,95,74,594,3,265,345.3,300.3
Marshawn Lynch*,4,5,SEA,RB,27,16,16,0,0,0,0,0,301,1257,12,44,36,316,2,239,282.3,257.3
Knowshon Moreno,5,6,DEN,RB,26,16,15,0,0,0,0,0,241,1038,10,74,60,548,3,237,302.6,266.6
Demaryius Thomas*,1,7,DEN,WR,26,16,16,0,0,0,0,0,0,0,0,142,92,1430,14,229,322.0,273.0
Josh Gordon*+,2,8,CLE,WR,22,14,14,0,0,0,0,0,5,88,0,159,87,1646,9,227,317.4,270.9
Calvin Johnson*+,3,9,DET,WR,28,14,14,0,0,0,0,0,0,0,0,156,84,1492,12,221,307.2,261.2
Drew Brees*,2,10,NOR,QB,34,16,16,446,650,5162,39,12,35,52,3,0,0,0,0,358,374.7,369.7
Jimmy Graham*+,4,11,NOR,WR,27,16,12,0,0,0,0,0,0,0,0,142,86,1215,16,218,306.5,260.5
A.J. Green*,5,12,CIN,WR,25,16,16,0,0,0,0,0,0,0,0,178,98,1426,11,209,309.6,257.6
Brandon Marshall*,6,13,CHI,WR,29,16,16,0,0,0,0,0,0,0,0,164,100,1295,12,206,308.5,255.5
Dez Bryant*,7,14,DAL,WR,25,16,16,0,0,0,0,0,1,1,0,159,93,1233,13,203,296.4,245.9
Eddie Lacy*,6,15,GNB,RB,23,15,15,0,0,0,0,0,284,1178,11,44,35,257,0,208,249.5,225.0
DeMarco Murray*,7,16,DAL,RB,25,14,14,0,0,0,0,0,217,1121,9,66,53,350,1,205,265.1,231.6
Adrian Peterson*,8,17,MIN,RB,28,14,14,0,0,0,0,0,279,1266,10,40,29,171,1,204,241.7,218.2
Antonio Brown*,8,18,PIT,WR,25,16,14,1,1,15,0,0,7,4,0,167,110,1499,8,199,317.9,259.9
Alshon Jeffery*,9,19,CHI,WR,23,16,14,0,0,0,0,0,16,105,0,148,89,1421,7,195,290.6,239.1
Vernon Davis*,1,20,SFO,TE,29,15,15,0,0,0,0,0,0,0,0,84,52,850,13,161,217.0,187.0
Chris Johnson,9,21,TEN,RB,28,16,16,0,0,0,0,0,279,1077,6,52,42,345,4,198,248.2,219.2
Eric Decker,10,22,DEN,WR,26,16,16,0,0,0,0,0,0,0,0,136,87,1288,11,193,283.8,236.3
DeSean Jackson*,11,23,PHI,WR,27,16,16,0,0,0,0,0,3,2,0,126,82,1332,9,191,272.4,228.4
Julius Thomas*,2,24,DEN,TE,25,14,14,0,0,0,0,0,0,0,0,90,65,788,12,151,218.8,183.3
Fred Jackson,10,25,BUF,RB,32,16,6,0,0,0,0,0,206,890,9,65,47,387,1,188,240.7,211.2
Reggie Bush,11,26,DET,RB,28,14,14,0,0,0,0,0,223,1006,4,80,54,506,3,185,249.2,212.2
Ryan Mathews,12,27,SDG,RB,26,16,14,0,0,0,0,0,285,1255,6,33,26,189,1,184,217.4,197.4
Jordy Nelson,12,28,GNB,WR,28,16,16,0,0,0,0,0,0,0,0,127,85,1314,8,179,267.4,221.9
Andre Johnson*,13,29,HOU,WR,32,16,16,0,0,0,0,0,0,0,0,181,109,1407,5,171,282.7,225.2
Frank Gore*,13,30,SFO,RB,30,16,16,0,0,0,0,0,276,1128,9,27,16,141,0,175,199.9,182.9
Tony Gonzalez*,3,31,ATL,TE,37,16,16,0,0,0,0,0,0,0,0,121,83,859,8,136,221.9,177.4
Le'Veon Bell,14,32,PIT,RB,21,13,13,0,0,0,0,0,244,860,8,66,45,399,0,172,223.9,194.4
Jordan Cameron*,4,33,CLE,TE,25,15,14,0,0,0,0,0,0,0,0,118,80,917,7,134,216.7,173.7
Pierre Garcon,14,34,WAS,WR,27,16,16,0,0,0,0,0,2,19,0,181,113,1346,5,167,281.5,221.0
Jason Witten*,5,35,DAL,TE,31,16,16,0,0,0,0,0,0,0,0,111,73,851,8,133,209.1,169.6
Alfred Morris*,15,36,WAS,RB,25,16,16,0,0,0,0,0,276,1275,7,12,9,78,0,169,185.3,173.8
Vincent Jackson,15,37,TAM,WR,30,16,16,0,0,0,0,0,1,0,0,160,78,1224,7,164,245.4,203.4
Giovani Bernard,16,38,CIN,RB,22,16,0,0,0,0,0,0,170,695,5,71,56,514,3,167,229.9,194.9
Anquan Boldin,16,39,SFO,WR,33,16,16,0,0,0,0,0,2,11,0,129,85,1179,7,161,249.0,203.5
Joique Bell,17,40,DET,RB,27,16,4,0,0,0,0,0,166,650,8,69,53,547,0,164,225.7,190.2
Cam Newton*,3,41,CAR,QB,24,16,16,292,473,3379,24,13,111,585,6,0,0,0,0,298,317.7,310.7
Andrew Luck*,4,42,IND,QB,24,16,16,343,570,3822,23,9,63,377,4,0,0,0,0,297,309.6,301.6
Larry Fitzgerald*,17,43,ARI,WR,30,16,16,0,1,0,0,0,2,8,0,135,82,954,10,156,240.2,195.2
Zac Stacy,18,44,STL,RB,22,14,12,0,0,0,0,0,250,973,7,35,26,141,1,157,190.4,170.4
Charles Clay,6,45,MIA,TE,24,16,15,0,0,0,0,0,7,15,1,102,69,759,6,119,191.4,153.9
Andy Dalton,5,46,CIN,QB,26,16,16,363,586,4293,33,20,61,183,2,0,0,0,0,290,317.0,308.0
Greg Olsen,7,47,CAR,TE,28,16,16,0,0,0,0,0,0,0,0,111,73,816,6,118,193.6,154.1
Keenan Allen,18,48,SDG,WR,21,15,14,0,0,0,0,0,0,0,0,105,71,1046,8,149,224.6,184.1
Philip Rivers*,6,49,SDG,QB,32,16,16,378,544,4478,32,11,28,72,0,1,0,-9,0,287,303.4,298.4
Julian Edelman,19,50,NWE,WR,27,16,11,0,0,0,0,0,2,11,0,151,105,1056,6,147,254.7,199.2
Matthew Stafford,7,51,DET,QB,25,16,16,371,634,4650,29,19,37,69,2,0,0,0,0,285,304.9,297.9
Danny Woodhead,19,52,SDG,RB,28,16,2,0,0,0,0,0,106,429,2,88,76,605,6,147,231.4,185.4
Antonio Gates,8,53,SDG,TE,33,16,15,0,0,0,0,0,0,0,0,114,77,872,4,107,189.2,145.7
Maurice Jones-Drew,20,54,JAX,RB,28,15,15,1,1,8,1,0,234,803,5,60,43,314,0,144,194.0,165.5
Riley Cooper,20,55,PHI,WR,26,16,15,0,0,0,0,0,0,18,0,84,47,835,8,139,187.3,160.8
T.Y. Hilton,21,56,IND,WR,24,16,10,0,0,0,0,0,2,6,0,139,82,1083,5,139,223.9,179.9
Torrey Smith,22,57,BAL,WR,24,16,16,0,0,0,0,0,0,0,0,137,65,1128,4,139,206.8,171.3
Wes Welker,23,58,DEN,WR,32,13,13,0,0,0,0,0,0,0,0,111,73,778,10,138,212.8,172.3
Marvin Jones,24,59,CIN,WR,23,16,3,0,0,0,0,0,8,65,0,80,51,712,10,138,191.7,163.2
Martellus Bennett,9,60,CHI,TE,26,16,15,0,0,0,0,0,0,0,0,94,65,759,5,104,172.9,136.4
Michael Floyd,25,61,ARI,WR,24,16,16,0,0,0,0,0,0,0,0,113,65,1041,5,136,202.1,166.6
Rashad Jennings,21,62,OAK,RB,28,15,8,0,0,0,0,0,163,733,6,48,36,292,0,139,180.5,156.5
Russell Wilson*,8,63,SEA,QB,25,16,16,257,407,3357,26,9,96,539,1,0,0,0,0,272,290.2,279.2
DeAngelo Williams,22,64,CAR,RB,30,15,15,0,0,0,0,0,201,843,3,36,26,333,1,138,171.6,150.6
Pierre Thomas,23,65,NOR,RB,29,16,9,0,0,0,0,0,147,549,2,84,77,513,3,136,218.2,172.7
Jared Cook,10,66,STL,TE,26,16,13,0,0,0,0,0,0,0,0,85,51,671,5,97,150.1,120.6
Mike Wallace,26,67,MIA,WR,27,16,16,0,0,0,0,0,3,33,0,141,73,930,5,128,202.3,162.8
Nick Foles*,9,68,PHI,QB,24,13,10,203,317,2891,27,2,57,221,3,0,0,0,0,266,269.7,261.7
Delanie Walker,11,69,TEN,TE,29,15,11,0,0,0,0,0,0,0,0,86,60,571,6,93,156.1,123.1
Tony Romo,10,70,DAL,QB,33,15,15,342,535,3828,31,10,20,38,0,0,0,0,0,265,274.9,270.9
Brian Hartline,27,71,MIA,WR,27,16,15,0,0,0,0,0,0,0,0,133,76,1016,4,126,204.6,163.6
Colin Kaepernick,11,72,SFO,QB,26,16,16,243,416,3197,21,8,92,524,4,0,0,0,0,264,282.3,272.3
Marques Colston,28,73,NOR,WR,30,15,11,0,0,0,0,0,0,0,0,111,75,943,5,124,202.3,161.8
Golden Tate,29,74,SEA,WR,25,16,13,0,0,0,0,0,3,31,0,99,64,898,5,123,189.9,154.9
Victor Cruz,30,75,NYG,WR,27,14,12,0,0,0,0,0,0,0,0,122,73,998,4,122,198.8,158.3
Coby Fleener,12,76,IND,TE,25,16,12,0,0,0,0,0,0,0,0,87,52,608,4,89,143.8,114.8
Kyle Juszczyk,1,77,BAL,,22,16,0,0,0,0,0,0,0,0,0,1,0,0,0,,,
Andre Ellington,24,78,ARI,RB,24,15,1,0,0,0,0,0,118,652,3,57,39,371,1,126,171.3,145.8
Ben Roethlisberger,12,,PIT,QB,31,16,16,375,584,4261,28,14,27,99,1,0,0,5,0,261,281.8,272.8
Alex Smith*,13,,KAN,QB,29,15,15,308,508,3313,23,7,76,431,1,1,1,-4,0,253,270.2,260.7
Tom Brady*,14,,NWE,QB,36,16,16,380,628,4343,25,11,32,18,0,0,0,0,0,252,268.5,262.5
Matt Ryan,15,,ATL,QB,28,16,16,439,651,4515,26,17,17,55,0,0,0,0,0,248,272.1,265.1
Ryan Tannehill,16,,MIA,QB,25,16,16,355,588,3913,24,17,40,238,1,0,0,0,0,240,266.3,255.3
Carson Palmer,17,,ARI,QB,34,16,16,362,572,4274,24,22,27,3,0,0,0,0,0,221,245.3,239.3
Robert Griffin,18,,WAS,QB,23,13,13,274,456,3203,16,12,86,489,0,0,0,0,0,217,235.0,225.0
Joe Flacco,19,,BAL,QB,28,16,16,362,614,3912,19,22,27,131,1,0,0,0,0,208,237.6,229.6
Geno Smith,20,,NYJ,QB,23,16,16,247,443,3046,12,21,72,366,6,1,1,13,0,194,225.7,215.2
Aaron Rodgers,21,,GNB,QB,30,9,9,193,290,2536,17,6,30,120,0,0,0,0,0,171,181.4,175.4
Eli Manning,22,,NYG,QB,32,16,16,317,551,3818,18,27,18,36,0,0,0,0,0,170,202.3,197.3
Jay Cutler,23,,CHI,QB,30,11,11,224,355,2621,19,12,23,118,0,0,0,0,0,169,189.6,180.6
Ryan Fitzpatrick,24,,TEN,QB,31,11,9,217,350,2454,14,12,43,225,3,1,1,0,0,167,187.7,179.2
Chad Henne,25,,JAX,QB,28,15,13,305,503,3241,13,14,27,77,0,0,0,0,0,165,178.3,175.3
Mike Glennon,26,,TAM,QB,24,13,13,247,416,2608,19,9,27,37,0,0,0,0,0,158,174.0,167.0
Terrelle Pryor,27,,OAK,QB,24,11,9,156,272,1798,7,11,83,576,2,0,0,0,0,144,162.5,154.5
Josh McCown,28,,CHI,QB,34,8,5,149,224,1829,13,1,13,69,1,0,0,0,0,136,141.1,137.1
EJ Manuel,29,,BUF,QB,23,10,10,180,306,1972,11,9,53,186,2,0,0,0,0,133,151.5,142.5
Rashard Mendenhall,25,,ARI,RB,26,15,15,0,0,0,0,0,217,687,8,21,18,134,0,126,153.1,135.1
Donald Brown,26,,IND,RB,26,16,5,0,0,0,0,0,102,537,6,35,27,214,2,123,156.1,136.6
C.J. Spiller,27,,BUF,RB,26,15,10,0,0,0,0,0,202,933,2,41,33,185,0,122,161.8,138.3
Jerricho Cotchery,32,,PIT,WR,31,16,6,0,0,0,0,0,1,-5,0,76,46,602,10,120,168.7,142.7
Ray Rice,28,,BAL,RB,26,15,15,0,0,0,0,0,214,660,4,72,58,321,0,120,186.1,149.1
Stevan Ridley,29,,NWE,RB,24,14,6,0,0,0,0,0,178,773,7,12,10,62,0,120,134.5,122.5
Kendall Wright,31,,TEN,WR,24,16,12,0,0,0,0,0,0,0,0,139,94,1079,2,120,216.9,166.9
LeGarrette Blount,30,,NWE,RB,27,16,7,0,0,0,0,0,153,772,7,5,2,38,0,119,126.0,120.0
Sam Bradford,30,,STL,QB,26,7,7,159,262,1687,14,4,15,31,0,0,0,0,0,119,126.6,122.6
Emmanuel Sanders,33,,PIT,WR,26,16,10,0,0,0,0,0,1,25,0,113,67,740,6,117,184.5,148.0
BenJarvus Green-Ellis,31,,CIN,RB,28,16,16,0,0,0,0,0,220,756,7,8,4,22,0,116,124.8,117.8
Jason Campbell,31,,CLE,QB,32,9,8,180,317,2015,11,8,14,107,0,0,0,0,0,115,131.3,123.3
Harry Douglas,34,,ATL,WR,29,16,11,0,0,0,0,0,0,0,0,132,85,1067,2,115,204.7,157.2
Steven Jackson,32,,ATL,RB,30,12,12,0,0,0,0,0,157,543,6,49,33,191,1,115,154.4,131.9
Rod Streater,35,,OAK,WR,25,16,14,0,0,0,0,0,2,17,0,100,60,888,4,113,176.5,142.5
Eddie Royal,36,,SDG,WR,27,15,3,0,0,0,0,0,3,21,0,68,47,631,8,111,162.2,134.7
Ben Tate,33,,HOU,RB,25,14,7,0,0,0,0,0,181,771,4,49,34,140,0,111,153.1,128.1
Doug Baldwin,37,,SEA,WR,25,16,9,0,0,0,0,0,2,6,0,72,50,778,5,110,161.4,133.4
Matt Cassel,32,,MIN,QB,31,9,6,153,254,1807,11,9,18,57,1,0,0,0,0,110,121.0,117.0
Trent Richardson,34,,2TM,RB,23,16,10,0,0,0,0,0,188,563,3,52,35,316,1,110,151.9,127.4
Nate Washington,38,,TEN,WR,30,16,15,0,0,0,0,0,0,0,0,105,58,919,3,110,170.9,138.9
Christian Ponder,33,,MIN,QB,25,9,9,152,239,1648,7,9,34,151,4,0,0,0,0,107,126.0,116.0
Greg Jennings,39,,MIN,WR,30,15,15,0,0,0,0,0,0,0,0,106,68,804,4,106,175.4,138.4
Cordarrelle Patterson*+,40,,MIN,WR,22,16,6,0,0,0,0,0,12,158,3,77,45,469,4,105,167.7,139.2
Matt Schaub,34,,HOU,QB,32,10,8,219,358,2310,10,14,5,24,0,0,0,0,0,105,122.8,118.8
Case Keenum,35,,HOU,QB,25,8,8,137,253,1760,9,6,14,72,1,0,0,0,0,104,114.6,109.6
Bilal Powell,35,,NYJ,RB,25,16,11,1,1,30,0,0,176,697,1,57,36,272,0,104,146.1,122.1
Chris Ivory,37,,NYJ,RB,25,15,6,0,0,0,0,0,182,833,3,7,2,10,0,102,107.3,103.3
Darren Sproles,36,,NOR,RB,30,15,4,0,0,0,0,0,53,220,2,89,71,604,2,102,181.4,137.9
Terrance Williams,41,,DAL,WR,24,16,8,0,0,0,0,0,3,4,0,74,44,736,5,102,151.0,124.0
Michael Vick,36,,PHI,QB,33,7,6,77,141,1215,5,3,36,306,2,0,0,-2,0,101,112.0,104.0
James Jones,42,,GNB,WR,29,14,14,0,0,0,0,0,0,0,0,93,59,817,3,100,160.7,127.2
Jake Locker,37,,TEN,QB,25,7,7,111,183,1256,8,4,24,155,2,0,0,0,0,100,110.7,103.7
Denarius Moore,43,,OAK,WR,25,13,10,0,0,0,0,0,0,0,0,86,46,695,5,100,148.5,122.5
Steve Smith,44,,CAR,WR,34,15,15,0,0,0,0,0,0,0,0,110,64,745,4,99,165.5,130.5
Lamar Miller,38,,MIA,RB,22,16,15,0,0,0,0,0,177,709,2,35,26,170,0,98,130.9,110.9
Dwayne Bowe,45,,KAN,WR,29,15,15,0,0,0,0,0,0,0,0,103,57,673,5,97,157.3,125.8
Mike Tolbert*+,39,,CAR,RB,28,16,13,0,0,0,0,0,101,361,5,33,27,184,2,97,129.5,110.0
Marlon Brown,46,,BAL,WR,22,14,12,0,0,0,0,0,1,-2,0,82,49,524,7,96,148.2,120.7
Cecil Shorts,47,,JAX,WR,26,13,13,0,0,0,0,0,0,0,0,123,66,777,3,96,164.7,128.7
Bobby Rainey,40,,2TM,RB,26,15,6,0,1,0,0,0,150,566,5,19,15,46,1,95,114.2,102.7
Rueben Randle,49,,NYG,WR,22,16,3,0,0,0,0,0,0,0,0,78,41,611,6,95,140.1,115.6
Kenny Stills,48,,NOR,WR,21,16,10,0,0,0,0,0,3,10,0,50,32,641,5,95,130.1,111.1
Brandon LaFell,50,,CAR,WR,27,16,16,0,0,0,0,0,2,15,0,85,49,627,5,94,146.2,118.7
Shane Vereen,41,,NWE,RB,24,8,1,0,0,0,0,0,44,208,1,69,47,427,3,92,140.5,111.0
DeAndre Hopkins,51,,HOU,WR,21,16,16,0,0,0,0,0,0,0,0,91,52,802,2,90,146.2,116.2
Hakeem Nicks,52,,NYG,WR,25,15,15,0,0,0,0,0,0,0,0,101,56,896,0,90,148.6,117.6
Brandon Weeden,38,,CLE,QB,30,8,5,141,267,1731,9,9,12,44,0,0,0,0,0,90,103.6,98.6
Ted Ginn,53,,CAR,WR,28,16,2,0,0,0,0,0,4,29,0,68,36,556,5,89,127.5,106.5
Jacquizz Rodgers,42,,ATL,RB,23,15,4,0,0,0,0,0,96,332,2,63,52,341,2,89,148.3,115.3
Montee Ball,43,,DEN,RB,23,16,0,0,0,0,0,0,120,559,4,27,20,145,0,88,117.4,98.4
Kellen Clemens,39,,STL,QB,30,10,9,142,242,1673,8,7,23,64,0,0,0,0,0,87,99.3,92.3
Arian Foster,44,,HOU,RB,27,8,8,0,0,0,0,0,121,542,1,35,22,183,1,87,114.5,97.5
Roddy White,54,,ATL,WR,32,13,13,0,0,0,0,0,0,0,0,97,63,711,3,87,154.1,118.6
Tim Wright,13,,TAM,TE,23,16,8,0,0,0,0,0,1,2,0,76,54,571,5,87,144.3,114.3
Jarrett Boykin,55,,GNB,WR,24,16,8,0,0,0,0,0,0,0,0,83,49,681,3,86,144.1,116.6
Tavon Austin,56,,STL,WR,23,13,3,0,1,0,0,0,9,151,1,69,40,418,4,85,137.9,110.9
Brent Celek,14,,PHI,TE,28,16,15,0,0,0,0,0,0,0,0,51,32,502,6,84,120.2,100.2
Garrett Graham,16,,HOU,TE,27,13,11,0,0,0,0,0,0,0,0,89,49,545,5,83,135.5,107.0
Rob Gronkowski,15,,NWE,TE,24,7,6,0,0,0,0,0,0,0,0,66,39,592,4,83,125.2,102.7
Daniel Thomas,45,,MIA,RB,26,15,1,0,0,0,0,0,109,406,4,17,15,63,2,83,100.9,90.4
James Starks,46,,GNB,RB,27,13,1,0,0,0,0,0,89,493,3,13,10,89,1,82,95.2,87.2
Darren McFadden,47,,OAK,RB,26,10,7,1,1,16,1,0,114,379,5,25,17,108,0,81,105.3,89.8
Marcel Reece*,48,,OAK,RB,28,16,15,1,1,22,0,0,46,218,2,54,32,331,2,80,117.8,95.8
Robert Woods,57,,BUF,WR,21,14,14,0,0,0,0,0,2,16,0,85,40,587,3,80,123.3,100.3
Steve Johnson,58,,BUF,WR,27,12,12,0,0,0,0,0,1,10,0,101,52,597,3,79,134.7,104.7
Matt McGloin,40,,OAK,QB,24,7,6,118,211,1547,8,8,11,27,0,0,0,0,0,79,90.6,86.6
Jerome Simpson,59,,MIN,WR,27,16,8,0,0,0,0,0,0,0,0,100,48,726,1,79,129.6,102.6
Matt Flynn,41,,3TM,QB,28,9,5,124,200,1392,8,5,20,65,0,0,0,0,0,78,86.2,77.2
Roy Helu,49,,WAS,RB,25,16,0,0,0,0,0,0,62,274,4,42,31,251,0,77,113.5,92.0
Scott Chandler,18,,BUF,TE,28,16,7,0,0,0,0,0,0,0,0,81,53,655,2,76,132.5,102.0
Aaron Dobson,60,,NWE,WR,22,12,9,0,0,0,0,0,0,0,0,72,37,519,4,76,115.9,94.4
Brandon Myers,17,,NYG,TE,28,16,14,0,0,0,0,0,0,0,0,76,47,522,4,76,126.2,99.7
Danny Amendola,61,,NWE,WR,28,12,6,0,0,0,0,0,1,1,0,83,54,633,2,75,132.4,102.4
Randall Cobb,62,,GNB,WR,23,6,4,0,0,0,0,0,4,78,0,47,31,433,4,75,109.1,90.6
Andre Brown,50,,NYG,RB,27,8,8,0,0,0,0,0,139,492,3,29,20,103,0,74,102.5,83.5
Zach Ertz,19,,PHI,TE,23,16,3,0,0,0,0,0,0,0,0,57,36,469,4,73,109.9,88.9
Jordan Reed,20,,WAS,TE,23,9,4,0,0,0,0,0,1,18,0,59,45,499,3,72,117.7,92.2
Jeremy Kerley,63,,NYJ,WR,25,12,8,0,1,0,0,0,4,11,0,72,43,523,3,71,117.4,92.9
Kenbrell Thompkins,64,,NWE,WR,25,12,8,0,0,0,0,0,0,0,0,69,32,466,4,71,105.6,86.6
Donnie Avery,65,,KAN,WR,29,16,14,0,0,0,0,0,2,6,0,71,40,596,2,70,114.2,90.2
Julio Jones,66,,ATL,WR,24,5,5,0,0,0,0,0,1,7,0,59,41,580,2,69,113.7,89.2
Zach Miller,21,,SEA,TE,28,14,12,0,0,0,0,0,0,0,0,56,33,387,5,69,104.7,85.2
Chris Ogbonnaya,51,,CLE,RB,27,16,7,0,0,0,0,0,49,240,0,74,48,343,2,68,122.3,90.3
Tiquan Underwood,67,,TAM,WR,26,12,7,0,0,0,0,0,0,0,0,46,24,440,4,68,95.0,80.0
Joseph Fauria,22,,DET,TE,23,16,2,0,0,0,0,0,0,0,0,30,18,207,7,67,85.7,73.7
Bernard Pierce,52,,BAL,RB,23,16,1,0,0,0,0,0,152,436,2,25,20,104,0,66,92.0,76.0
Mychal Rivera,23,,OAK,TE,23,16,3,0,0,0,0,0,0,0,0,60,38,407,4,65,105.7,83.7
Reggie Wayne,68,,IND,WR,35,7,7,0,0,0,0,0,1,5,0,58,38,503,2,65,105.8,83.8
Jeff Cumberland,25,,NYJ,TE,26,15,12,0,0,0,0,0,0,0,0,40,26,398,4,64,92.8,76.8
Jermaine Gresham,24,,CIN,TE,25,14,14,0,0,0,0,0,0,0,0,68,46,458,4,64,115.8,86.8
Dexter McCluster*,70,,KAN,WR,24,15,6,0,0,0,0,0,8,5,0,83,53,511,2,64,131.6,102.1
Austin Pettis,69,,STL,WR,25,16,6,0,0,0,0,0,0,0,0,63,38,399,4,64,104.9,82.9
Heath Miller,26,,PIT,TE,31,14,14,0,0,0,0,0,0,0,0,79,58,593,1,63,125.3,92.3
Jason Snelling,53,,ATL,RB,30,14,1,0,0,0,0,0,44,164,1,34,29,216,3,62,97.0,76.5
Kris Durham,72,,DET,WR,25,16,13,0,0,0,0,0,0,0,0,85,38,490,2,61,101.0,78.0
Jarius Wright,71,,MIN,WR,24,16,3,0,0,0,0,0,0,0,0,43,26,434,3,61,90.4,74.4
Brandon Bolden,54,,NWE,RB,23,12,2,0,0,0,0,0,55,271,3,29,21,152,0,60,87.3,70.8
Ace Sanders,73,,JAX,WR,22,15,4,1,1,21,1,0,2,4,0,87,51,484,1,60,113.6,85.1
Justin Hunter,74,,TEN,WR,22,14,0,0,0,0,0,0,0,0,0,42,18,354,4,59,80.4,68.4
Thaddeus Lewis,42,,BUF,QB,28,6,5,93,157,1092,4,3,24,52,1,0,0,0,0,59,67.9,61.9
Greg Little,76,,CLE,WR,24,16,13,0,0,0,0,0,0,0,0,99,41,465,2,59,102.5,79.0
Andre Roberts,75,,ARI,WR,25,16,2,0,0,0,0,0,0,0,0,76,43,471,2,59,105.1,80.6
Jacoby Jones,78,,BAL,WR,29,12,9,0,0,0,0,0,2,0,0,68,37,455,2,58,103.5,82.0
Marcedes Lewis,27,,JAX,TE,29,11,11,0,0,0,0,0,0,0,0,47,25,359,4,58,86.9,70.4
Mohamed Sanu,77,,CIN,WR,24,16,14,1,1,25,0,0,4,16,0,77,47,455,2,58,109.1,81.6
Tyler Eifert,28,,CIN,TE,23,15,15,0,0,0,0,0,0,0,0,60,39,445,2,57,98.5,76.0
Shonn Greene,55,,TEN,RB,28,11,0,0,0,0,0,0,77,295,4,8,6,39,0,57,66.4,60.4
Jermaine Kearse,80,,SEA,WR,23,15,5,0,0,0,0,0,0,0,0,38,22,346,4,57,82.6,67.6
Rishard Matthews,79,,MIA,WR,24,16,5,0,0,0,0,0,0,0,0,67,41,448,2,57,100.8,77.3
Chris Givens,82,,STL,WR,24,16,13,0,0,0,0,0,3,8,0,83,34,569,0,56,93.7,72.7
Ladarius Green,29,,SDG,TE,23,16,10,0,0,0,0,0,0,0,0,30,17,376,3,56,75.6,64.1
Leonard Hankerson,84,,WAS,WR,25,10,7,0,0,0,0,0,0,0,0,50,30,375,3,56,88.5,70.5
Doug Martin,56,,TAM,RB,24,6,6,0,0,0,0,0,127,456,1,24,12,66,0,56,72.2,62.2
Lance Moore,83,,NOR,WR,30,13,5,0,0,0,0,0,0,0,0,54,37,457,2,56,96.7,74.2
Santana Moss,81,,WAS,WR,34,16,1,0,0,0,0,0,3,25,0,79,42,452,2,56,102.7,76.7
Jason Avant,85,,PHI,WR,30,16,13,0,0,0,0,0,0,0,0,77,38,447,2,55,96.7,73.7
Mike Brown,87,,JAX,WR,24,11,6,0,0,0,0,0,0,0,0,56,32,446,2,55,90.6,70.6
Jerrel Jernigan,86,,NYG,WR,24,15,3,0,0,0,0,0,2,57,1,45,29,329,2,55,87.6,69.1
Jordan Todman,57,,JAX,RB,23,16,2,0,0,0,0,0,76,256,2,26,14,116,1,55,75.2,62.2
Bryce Brown,58,,PHI,RB,22,16,1,0,0,0,0,0,75,314,2,13,8,84,0,54,64.8,57.8
Knile Davis,59,,KAN,RB,22,16,1,0,0,0,0,0,70,242,4,15,11,75,0,54,74.7,65.2
David Nelson,88,,NYJ,WR,27,12,6,0,0,0,0,0,0,0,0,60,36,423,2,54,93.3,72.3
Vincent Brown,89,,SDG,WR,24,16,12,0,0,0,0,0,0,0,0,70,41,472,1,53,97.2,73.7
Kendall Hunter,61,,SFO,RB,25,16,0,0,0,0,0,0,78,358,3,4,2,13,0,53,65.1,60.1
Mark Ingram,60,,NOR,RB,24,11,3,0,0,0,0,0,78,386,1,11,7,68,0,53,61.4,54.9
Dallas Clark,30,,BAL,TE,34,12,0,0,0,0,0,0,0,0,0,52,31,343,3,52,86.3,67.8
Santonio Holmes,90,,NYJ,WR,29,11,11,0,0,0,0,0,0,0,0,59,23,456,1,52,77.6,63.1
Brandon Pettigrew,31,,DET,TE,28,14,14,0,0,0,0,0,0,0,0,63,41,416,2,52,96.6,72.1
Nate Burleson,91,,DET,WR,32,9,8,0,0,0,0,0,2,-8,0,55,39,461,1,51,93.3,70.8
Brandon Gibson,92,,MIA,WR,26,7,3,0,0,0,0,0,0,0,0,43,30,326,3,51,83.6,65.6
Rob Housler,32,,ARI,TE,25,13,10,0,0,0,0,0,0,0,0,57,39,454,1,51,93.4,70.9
Kellen Winslow,33,,NYJ,TE,30,12,3,0,0,0,0,0,0,0,0,47,31,388,2,51,84.8,66.3
Earl Bennett,93,,CHI,WR,26,15,3,0,0,0,0,0,0,0,0,43,32,243,4,50,85.3,66.3
Lance Kendricks,34,,STL,TE,25,15,13,0,0,0,0,0,0,0,0,46,32,258,4,50,84.8,65.8
Willis McGahee,62,,CLE,RB,32,12,6,0,0,0,0,0,138,377,2,11,8,20,0,50,61.7,53.7
Cole Beasley,96,,DAL,WR,24,14,3,0,0,0,0,0,0,0,0,54,39,368,2,49,90.8,68.3
Justin Blackmon,94,,JAX,WR,23,4,4,0,0,0,0,0,1,-1,0,48,29,415,1,49,79.4,61.9
Michael Bush,63,,CHI,RB,29,15,0,0,0,0,0,0,63,197,3,8,4,48,1,49,55.5,50.5
Andre Holmes,95,,OAK,WR,25,10,4,0,0,0,0,0,0,0,0,52,25,431,1,49,77.1,61.6
Kyle Rudolph,35,,MIN,TE,24,8,8,0,0,0,0,0,0,0,0,46,30,313,3,49,82.3,64.3
Davone Bess,97,,CLE,WR,28,14,3,0,0,0,0,0,0,0,0,86,42,362,2,48,94.2,69.2
Jermichael Finley,36,,GNB,TE,26,6,5,0,0,0,0,0,0,0,0,34,25,300,3,48,76.0,60.5
T.J. Graham,99,,BUF,WR,24,16,6,0,0,0,0,0,4,14,0,58,23,361,2,48,74.5,59.0
Aldrick Robinson,98,,WAS,WR,25,16,1,0,0,0,0,0,3,-4,0,46,18,365,2,48,69.1,57.1
Toby Gerhart,64,,MIN,RB,26,14,0,0,0,0,0,0,36,283,2,19,13,88,0,47,64.1,53.6
Brandon Jacobs,65,,NYG,RB,31,7,1,0,0,0,0,0,58,238,4,7,2,13,0,47,53.1,48.1
Andrew Quarless,37,,GNB,TE,25,16,10,0,0,0,0,0,0,0,0,53,32,312,2,47,78.2,59.2
Marquise Goodwin,100,,BUF,WR,23,12,1,0,0,0,0,0,3,13,0,32,17,283,3,46,66.6,54.1
Darrius Heyward-Bey,102,,IND,WR,26,16,11,0,0,0,0,0,3,26,0,64,29,309,1,44,73.5,56.0
Peyton Hillis,66,,NYG,RB,27,7,1,0,0,0,0,0,73,247,2,21,13,96,0,44,61.3,50.8
Robert Meachem,101,,NOR,WR,29,15,5,0,0,0,0,0,2,-1,0,30,16,324,2,44,63.3,52.3
Owen Daniels,38,,HOU,TE,31,5,5,0,0,0,0,0,0,0,0,41,24,252,3,43,70.2,55.2
Sean McGrath,39,,KAN,TE,26,16,9,0,0,0,0,0,0,0,0,40,26,302,2,42,71.2,55.2
Brian Quick,103,,STL,WR,24,16,5,0,0,0,0,0,0,0,0,35,18,302,2,42,63.2,51.2
Logan Paulsen,40,,WAS,TE,26,16,14,0,0,0,0,0,0,0,0,50,28,267,3,41,73.7,54.7
Brian Hoyer,43,,CLE,QB,28,3,3,57,96,615,5,3,6,16,0,0,0,0,0,40,46.2,43.2
Griff Whalen,104,,IND,WR,23,9,3,0,0,0,0,0,0,0,0,40,24,259,2,40,64.9,49.9
Andre Caldwell,107,,DEN,WR,28,16,2,0,0,0,0,0,1,7,0,29,16,200,3,39,57.7,46.7
Clay Harbor,41,,JAX,TE,26,16,7,0,0,0,0,0,0,0,0,35,24,292,2,39,67.2,51.2
Kevin Ogletree,106,,2TM,WR,26,16,2,0,0,0,0,0,0,0,0,45,21,269,2,39,62.9,49.4
Sidney Rice,105,,SEA,WR,27,8,6,0,0,0,0,0,0,0,0,35,15,231,3,39,58.1,46.6
John Carlson,42,,MIN,TE,29,13,8,0,0,0,0,0,0,0,0,48,32,344,1,38,74.4,54.4
Benny Cunningham,67,,STL,RB,23,14,0,0,0,0,0,0,47,261,1,10,6,59,0,38,48.0,41.0
Anthony Fasano,43,,KAN,TE,29,9,9,0,0,0,0,0,0,0,0,33,23,200,3,38,64.0,49.5
Ronnie Hillman,69,,DEN,RB,22,10,0,0,0,0,0,0,55,218,1,14,12,119,0,38,56.7,43.7
Stephen Hill,108,,NYJ,WR,22,12,11,0,0,0,0,0,0,0,0,59,24,342,1,38,66.2,50.2
Mike James,68,,TAM,RB,22,8,3,1,1,2,1,0,60,295,0,11,10,43,0,38,50.9,42.9
Kirk Cousins,44,,WAS,QB,25,5,3,81,155,854,4,7,4,14,0,0,0,0,0,36,45.6,40.6
Brian Leonard,70,,TAM,RB,29,16,1,0,0,0,0,0,47,182,0,37,29,179,0,36,71.1,50.6
Chris Polk,71,,PHI,RB,24,15,0,0,0,0,0,0,11,98,3,5,4,61,0,36,37.9,35.9
Edwin Baker,75,,CLE,RB,22,3,2,0,0,0,0,0,43,171,2,9,8,57,0,35,45.8,38.8
Ahmad Bradshaw,74,,IND,RB,27,3,2,0,0,0,0,0,41,186,2,8,7,42,0,35,44.8,38.3
Keshawn Martin,109,,HOU,WR,23,16,1,0,0,0,0,0,0,0,0,40,22,253,2,35,67.3,52.3
Joseph Randle,76,,DAL,RB,22,13,2,0,0,0,0,0,54,164,2,10,8,61,0,35,45.5,38.5
Ben Watson,110,,NOR,WR,33,15,7,0,0,0,0,0,0,0,0,30,19,226,2,35,56.6,44.1
Fozzy Whittaker,72,,2TM,RB,24,14,2,0,0,0,0,0,28,79,0,36,21,155,2,35,59.4,45.9
Darrel Young,73,,WAS,RB,26,13,7,0,0,0,0,0,12,41,3,9,4,71,1,35,39.2,37.2
Matt Asiata,77,,MIN,RB,26,11,1,0,0,0,0,0,44,166,3,8,5,13,0,34,42.9,36.4
Michael Crabtree,111,,SFO,WR,26,5,5,0,0,0,0,0,0,0,0,33,19,284,1,34,56.4,43.9
Drew Davis,112,,ATL,WR,24,16,3,0,0,0,0,0,0,0,0,19,12,216,2,34,48.6,39.6
Daryl Richardson,78,,STL,RB,23,8,3,0,0,0,0,0,69,215,0,18,14,121,0,34,53.6,40.6
Scott Tolzien,45,,GNB,QB,26,3,2,55,90,717,1,5,5,55,1,0,0,0,0,34,42.2,39.2
Mike Williams,113,,TAM,WR,26,6,5,0,0,0,0,0,0,0,0,40,22,216,2,34,58.6,44.6
Ed Dickson,44,,BAL,TE,26,16,14,0,0,0,0,0,0,0,0,43,25,273,1,33,61.3,45.8
Luke Willson,79,,SEA,RB,23,16,7,0,0,0,0,0,0,0,0,28,20,272,1,33,56.2,43.2
Stedman Bailey,114,,STL,WR,23,16,2,0,0,0,0,0,2,33,1,25,17,226,0,32,51.9,40.4
Jim Dray,45,,ARI,TE,27,16,15,0,0,0,0,0,0,0,0,32,26,215,2,32,61.5,44.5
Da'Rick Rogers,115,,IND,WR,22,5,3,0,0,0,0,0,1,0,0,23,14,192,2,31,48.2,38.2
Josh Freeman,46,,2TM,QB,25,4,4,63,147,761,2,4,5,20,0,0,0,0,0,30,38.4,34.4
Ryan Griffin,46,,HOU,TE,23,15,8,0,0,0,0,0,0,0,0,28,19,244,1,30,52.4,39.9
Robert Turbin,80,,SEA,RB,24,16,0,0,0,0,0,0,77,264,0,12,8,60,0,30,42.4,34.4
Tandon Doss,117,,BAL,WR,24,15,2,0,0,0,0,0,0,0,0,36,19,305,0,29,57.5,44.0
Kerry Taylor,116,,2TM,WR,24,10,4,0,0,0,0,0,0,0,0,34,22,229,1,29,53.9,39.9
LaVon Brazill,118,,IND,WR,24,10,0,0,0,0,0,0,0,0,0,27,12,161,2,28,43.1,34.1
Ronnie Brown,82,,SDG,RB,32,16,0,0,0,0,0,0,45,157,1,8,8,60,0,28,38.7,31.7
Khiry Robinson,81,,NOR,RB,24,10,0,0,0,0,0,0,54,224,1,0,0,0,0,28,31.4,28.4
Antone Smith,83,,ATL,RB,28,15,0,0,0,0,0,0,5,145,2,3,2,10,0,28,32.5,28.5
Jonathan Dwyer,84,,PIT,RB,24,15,0,0,0,0,0,0,49,197,0,11,8,64,0,26,37.1,30.1
Bruce Miller,85,,SFO,RB,26,14,13,0,0,0,0,0,7,13,0,36,25,243,0,26,53.6,38.1
Gary Barnidge,48,,CLE,TE,28,16,12,0,0,0,0,0,0,0,0,18,13,127,2,25,40.7,31.2
Gavin Escobar,47,,DAL,TE,22,16,1,0,0,0,0,0,0,0,0,15,9,134,2,25,37.4,29.9
Darius Johnson,119,,ATL,WR,22,10,2,0,0,0,0,0,0,0,0,43,22,210,1,25,51.0,36.0
Frank Summers,86,,BUF,RB,28,15,9,0,0,0,0,0,12,46,1,8,7,79,1,25,31.5,28.0
Miles Austin,120,,DAL,WR,29,11,8,0,0,0,0,0,0,0,0,49,24,244,0,24,51.4,36.4
Jackie Battle,87,,TEN,RB,30,16,0,0,0,0,0,0,36,142,1,5,4,36,0,24,30.8,25.8
Da'Rel Scott,88,,NYG,RB,25,5,1,0,0,0,0,0,20,73,0,19,11,102,1,24,37.5,29.0
Jacob Tamme,49,,DEN,TE,28,16,1,0,0,0,0,0,0,0,0,25,20,184,1,24,47.4,34.4
Cory Harkey,50,,STL,TE,23,15,10,0,0,0,0,0,0,0,0,18,13,113,2,23,39.3,29.8
Junior Hemingway,122,,KAN,WR,25,16,2,0,0,0,0,0,0,0,0,20,13,125,2,23,39.5,29.0
Dennis Johnson,89,,HOU,RB,23,8,1,0,0,0,0,0,49,183,0,12,8,46,0,23,33.9,26.9
Felix Jones,90,,PIT,RB,26,16,2,0,0,0,0,0,48,184,0,13,9,63,0,23,35.7,27.2
Josh Morgan,121,,WAS,WR,28,14,7,0,0,0,0,0,2,13,0,34,20,214,0,23,45.7,32.7
Kyle Orton,47,,DAL,QB,31,3,1,33,51,398,2,2,1,8,0,0,0,0,0,23,25.7,22.7
Dennis Pitta,51,,BAL,TE,28,4,1,0,0,0,0,0,0,0,0,33,20,169,1,23,45.9,32.9
Jonathan Stewart,91,,CAR,RB,26,6,1,0,0,0,0,0,48,180,0,7,7,44,0,22,32.4,25.9
Anthony Dixon,92,,SFO,RB,26,16,1,0,0,0,0,0,28,56,2,3,3,30,0,21,23.6,22.1
Jake Ballard,53,,ARI,TE,26,8,3,0,0,0,0,0,0,0,0,9,7,75,2,20,26.5,23.0
Jaron Brown,124,,ARI,WR,23,16,0,0,0,0,0,0,0,0,0,17,11,140,1,20,34.0,25.5
Stanley Havili,94,,IND,RB,26,13,8,0,0,0,0,0,7,7,0,21,18,128,1,20,40.5,28.5
Andrew Hawkins,123,,CIN,WR,27,8,0,0,0,0,0,0,2,3,0,18,12,199,0,20,35.2,26.2
Michael Hoomanawanui,52,,NWE,TE,25,13,10,0,0,0,0,0,0,0,0,19,12,136,1,20,34.6,25.6
Anthony Sherman,93,,KAN,RB,25,16,8,0,0,0,0,0,2,3,0,24,18,155,1,20,41.8,28.8
Tashard Choice,98,,2TM,RB,29,15,0,0,0,0,0,0,46,170,0,9,5,15,0,19,26.5,21.0
Lance Dunbar,96,,DAL,RB,23,9,0,0,0,0,0,0,30,150,0,7,7,59,0,19,29.9,22.4
Jonathan Grimes,95,,HOU,RB,24,2,1,0,0,0,0,0,21,73,1,6,6,76,0,19,25.9,21.9
Dwayne Harris,125,,DAL,WR,26,13,3,0,0,0,0,0,1,6,0,14,9,80,2,19,34.6,29.1
Stepfan Taylor,97,,ARI,RB,22,16,0,0,0,0,0,0,36,115,0,9,8,71,0,19,29.6,22.6
Brandon Bostick,54,,GNB,TE,24,11,0,0,0,0,0,0,0,0,0,14,7,120,1,18,28.0,21.5
Johnathan Franklin,99,,GNB,RB,24,11,0,0,0,0,0,0,19,107,1,5,4,30,0,18,25.7,19.7
Marcus Thigpen,100,,MIA,RB,27,16,0,0,0,0,0,0,6,18,0,11,8,97,1,18,25.5,21.5
Levine Toilolo,55,,ATL,TE,22,16,3,0,0,0,0,0,0,0,0,15,11,55,2,18,28.5,23.0
Chase Daniel,48,,KAN,QB,27,5,1,25,38,248,1,1,14,52,0,0,0,0,0,17,18.1,18.1
David Wilson,101,,NYG,RB,22,5,4,0,0,0,0,0,44,146,1,6,2,8,0,17,24.4,18.4
Jed Collins,103,,NOR,RB,27,16,8,0,0,0,0,0,15,45,1,17,14,54,0,16,29.9,22.9
Tarvaris Jackson,49,,SEA,QB,30,3,0,10,13,151,1,0,4,1,1,0,0,0,0,16,16.1,16.1
John Kuhn,104,,GNB,RB,31,15,6,0,0,0,0,0,10,38,1,19,13,81,0,16,29.9,22.4
DeVier Posey,128,,HOU,WR,23,14,0,0,0,0,0,0,0,0,0,25,15,155,0,16,33.5,23.0
Michael Preston,127,,TEN,WR,24,7,0,0,0,0,0,0,0,0,0,7,5,37,2,16,20.7,18.2
Alfonso Smith,102,,ARI,RB,26,16,0,0,0,0,0,0,18,54,1,13,10,68,0,16,27.2,21.2
Damian Williams,126,,TEN,WR,25,10,1,0,0,0,0,0,0,0,0,23,15,178,0,16,34.8,23.3
Malcom Floyd,129,,SDG,WR,32,2,2,0,0,0,0,0,0,0,0,11,6,149,0,15,23.9,17.9
Jeremy Ross,130,,2TM,WR,25,13,2,0,0,0,0,0,2,40,0,12,6,67,1,15,33.7,29.7
Brittan Golden,132,,ARI,WR,25,5,0,0,0,0,0,0,0,0,0,10,4,136,0,14,20.6,15.6
A.J. Jenkins,133,,KAN,WR,24,16,1,0,0,0,0,0,2,6,0,17,8,130,0,14,24.6,17.6
Greg Salas,131,,NYJ,WR,25,8,0,0,0,0,0,0,0,0,0,13,8,143,0,14,25.3,18.3
Kyle Williams,134,,2TM,WR,25,10,5,0,0,0,0,0,2,23,0,27,12,113,0,14,28.6,19.6
Travis Benjamin,135,,CLE,WR,24,8,3,0,0,0,0,0,1,45,0,13,5,105,0,13,28.0,21.5
Tommy Bohanon,106,,NYJ,RB,23,16,8,0,0,0,0,0,17,62,0,16,11,69,0,13,24.1,18.6
Derrick Coleman,108,,SEA,RB,23,12,3,0,0,0,0,0,2,3,0,8,8,62,1,13,20.5,16.5
Fred Davis,57,,WAS,TE,27,10,3,0,0,0,0,0,0,0,0,18,7,70,1,13,20.0,16.5
James Develin,105,,NWE,RB,25,16,6,0,0,0,0,0,4,10,1,4,4,62,0,13,17.2,15.2
Chase Ford,56,,MIN,TE,23,9,0,0,0,0,0,0,0,0,0,16,11,133,0,13,27.3,18.8
Vonta Leach,107,,BAL,RB,32,16,7,0,0,0,0,0,11,23,0,20,11,47,1,13,24.0,18.5
Jeff Maehl,136,,PHI,WR,24,16,0,0,0,0,0,0,0,0,0,9,4,67,1,13,16.7,14.7
Seyi Ajirotutu,137,,SDG,WR,26,14,0,0,0,0,0,0,0,0,0,4,3,64,1,12,15.4,13.9
Josh Boyce,139,,NWE,WR,22,9,3,0,0,0,0,0,0,0,0,19,9,121,0,12,24.1,16.6
Rhett Ellison,59,,MIN,TE,25,11,6,0,0,0,0,0,0,0,0,10,5,61,1,12,17.1,14.6
Blaine Gabbert,50,,JAX,QB,24,3,3,42,86,481,1,7,9,32,0,0,0,0,0,12,22.4,19.4
Clyde Gates,138,,NYJ,WR,27,6,2,0,0,0,0,0,0,0,0,24,12,122,0,12,27.2,18.2
Domenik Hixon,140,,CAR,WR,29,15,0,0,0,0,0,0,0,0,0,9,7,55,1,12,18.5,15.0
Vance McDonald,60,,SFO,TE,23,15,4,0,0,0,0,0,0,0,0,19,8,119,0,12,22.9,15.9
Danny Noble,58,,JAX,TE,24,8,1,0,0,0,0,0,0,0,0,3,2,63,1,12,14.3,13.3
Isaiah Pead,109,,STL,RB,24,10,0,0,0,0,0,0,7,21,0,15,11,78,0,12,22.9,17.4
Brandon Stokley,141,,BAL,WR,37,6,0,0,0,0,0,0,0,0,0,21,13,115,0,12,27.5,18.0
Jeff Tuel,51,,BUF,QB,22,2,1,26,59,309,1,3,3,17,0,0,0,0,0,12,18.1,15.1
Joel Dreessen,62,,DEN,TE,31,13,0,0,0,0,0,0,0,0,0,9,7,47,1,11,17.7,14.2
Justin Forsett,110,,JAX,RB,28,9,0,0,0,0,0,0,6,31,0,16,15,82,0,11,26.3,18.8
Chris Gragg,61,,BUF,TE,23,9,1,0,0,0,0,0,0,0,0,7,5,53,1,11,16.3,13.8
Chris Owusu,142,,TAM,WR,23,9,4,0,0,0,0,0,0,0,0,20,13,114,0,11,27.4,17.9
Theo Riddick,111,,DET,RB,22,14,0,0,0,0,0,0,9,25,1,8,4,26,0,11,15.1,13.1
Phillip Tanner,112,,DAL,RB,25,16,0,0,0,0,0,0,9,12,1,4,3,33,0,11,13.5,12.0
Kenny Britt,144,,TEN,WR,25,12,3,0,0,0,0,0,0,0,0,35,11,96,0,10,20.6,15.1
Brice Butler,143,,OAK,WR,23,10,2,0,0,0,0,0,0,0,0,17,9,103,0,10,22.3,14.8
Josh Hill,63,,NOR,TE,23,14,3,0,0,0,0,0,1,-8,0,10,6,44,1,10,15.6,12.6
Will Johnson,113,,PIT,RB,24,15,5,0,0,0,0,0,0,0,0,11,8,41,1,10,18.1,14.1
Matt Simms,52,,NYJ,QB,25,3,0,16,31,156,1,1,5,37,0,0,0,0,0,10,11.9,10.9
Deonte Thompson,145,,BAL,WR,24,7,0,0,0,0,0,0,0,0,0,20,10,96,0,10,19.6,14.6
Ryan Broyles,150,,DET,WR,25,6,3,0,0,0,0,0,0,0,0,14,8,85,0,9,16.5,12.5
Stephen Burton,149,,JAX,WR,24,4,2,0,0,0,0,0,1,-9,0,13,8,76,0,9,14.7,10.7
Kellen Davis,147,,SEA,WR,28,15,4,0,0,0,0,0,0,0,0,4,3,32,1,9,12.2,10.7
Jacoby Ford,146,,OAK,WR,26,14,1,0,0,0,0,0,5,15,0,24,13,99,0,9,23.4,15.9
Dan Herron,114,,IND,RB,24,6,0,0,0,0,0,0,5,33,0,1,1,57,0,9,10.0,9.5
Mario Manningham,151,,SFO,WR,27,6,3,0,0,0,0,0,0,0,0,23,9,85,0,9,17.5,13.0
Jeron Mastrud,64,,OAK,TE,26,16,12,0,0,0,0,0,0,0,0,13,6,88,0,9,14.8,11.8
Dion Sims,148,,MIA,WR,22,15,5,0,0,0,0,0,0,0,0,10,6,32,1,9,15.2,12.2
Dwayne Allen,68,,IND,TE,23,1,1,0,0,0,0,0,0,0,0,2,1,20,1,8,9.0,8.5
Tom Crabtree,67,,TAM,TE,28,7,5,0,0,0,0,0,0,0,0,7,4,21,1,8,12.1,10.1
Josh Cribbs,156,,NYJ,WR,30,6,0,2,3,38,0,0,13,55,0,2,2,6,0,8,9.6,8.6
Mike Goodson,116,,NYJ,RB,26,2,0,0,0,0,0,0,7,61,0,3,2,19,0,8,10.0,9.0
Chris Hogan,152,,BUF,WR,25,16,0,0,0,0,0,0,0,0,0,17,10,83,0,8,18.3,13.3
LaMichael James,119,,SFO,RB,24,10,0,0,0,0,0,0,12,59,0,3,2,16,0,8,9.5,8.5
Ricardo Lockette,153,,SEA,WR,27,8,1,0,0,0,0,0,1,-2,0,7,5,82,0,8,13.0,10.5
Christine Michael,117,,SEA,RB,23,4,0,0,0,0,0,0,18,79,0,0,0,0,0,8,7.9,7.9
Derek Moye,154,,PIT,WR,25,7,0,0,0,0,0,0,0,0,0,6,2,20,1,8,10.0,9.0
Matthew Mulligan,69,,NWE,TE,28,15,4,0,0,0,0,0,0,0,0,3,2,16,1,8,9.6,8.6
Louis Murphy,155,,NYG,WR,26,14,0,0,0,0,0,0,0,0,0,13,6,37,1,8,14.7,10.7
Bear Pascoe,115,,NYG,RB,27,16,6,0,0,0,0,0,1,2,0,20,12,81,0,8,20.3,14.3
David Paulson,66,,PIT,TE,24,16,4,0,0,0,0,0,0,0,0,10,6,102,0,8,18.2,11.2
Tony Scheffler,65,,DET,TE,30,5,1,0,0,0,0,0,0,0,0,12,7,82,0,8,15.2,11.7
Lee Smith,118,,BUF,RB,26,16,14,0,0,0,0,0,0,0,0,9,5,78,0,8,12.8,10.3
Travaris Cadet,123,,NOR,RB,24,13,0,0,0,0,0,0,0,0,0,2,2,5,1,7,8.5,7.5
Michael Egnew,159,,MIA,WR,24,16,5,0,0,0,0,0,0,0,0,11,7,69,0,7,13.9,10.4
Cyrus Gray,120,,KAN,RB,24,16,0,0,0,0,0,0,9,24,0,10,7,46,0,7,14.0,10.5
James Hanna,70,,DAL,TE,24,16,8,0,0,0,0,0,0,0,0,15,12,73,0,7,19.3,13.3
David Johnson,158,,PIT,WR,26,5,2,0,0,0,0,0,0,0,0,6,4,70,0,7,11.0,9.0
Nick Kasa,74,,OAK,TE,23,16,1,0,0,0,0,0,0,0,0,5,1,9,1,7,7.9,7.4
Marlon Moore,157,,2TM,WR,26,14,0,0,0,0,0,0,1,9,0,15,7,62,0,7,14.1,10.6
Jamize Olawale,121,,OAK,RB,24,16,1,0,0,0,0,0,3,6,0,11,7,63,0,7,13.9,10.4
Alex Smith,72,,CIN,TE,31,16,1,0,0,0,0,0,0,0,0,6,3,12,1,7,10.2,8.7
Matt Spaeth,73,,PIT,TE,30,4,2,0,0,0,0,0,0,0,0,2,1,11,1,7,8.1,7.6
Jeremy Stewart,122,,OAK,RB,24,13,0,0,0,0,0,0,2,2,1,2,2,6,0,7,8.8,7.8
Taylor Thompson,71,,TEN,TE,24,16,3,0,0,0,0,0,0,0,0,7,3,13,1,7,10.3,8.8
Nick Toon,160,,NOR,WR,25,8,3,0,0,0,0,0,0,0,0,12,4,68,0,7,10.8,8.8
Myles White,161,,GNB,WR,23,7,0,0,0,0,0,0,0,0,0,12,9,66,0,7,15.6,11.1
Vick Ballard,124,,IND,RB,23,1,1,0,0,0,0,0,13,63,0,2,1,-5,0,6,6.8,6.3
Austin Collie,163,,NWE,WR,28,7,1,0,0,0,0,0,0,0,0,11,6,63,0,6,12.3,9.3
Josh Cooper,165,,CLE,WR,24,5,0,0,0,0,0,0,0,0,0,14,9,60,0,6,15.0,10.5
Michael Cox,127,,NYG,RB,25,14,1,0,0,0,0,0,22,43,0,3,3,12,0,6,8.5,7.0
Tony Fiammetta,126,,CHI,RB,27,16,7,0,0,0,0,0,0,0,0,6,4,57,0,6,9.7,7.7
Taiwan Jones,125,,OAK,RB,25,16,0,0,0,0,0,0,5,23,0,3,2,55,0,6,8.8,6.8
Quinton Patton,166,,SFO,WR,23,6,0,0,0,0,0,0,1,26,0,5,3,34,0,6,9.0,7.5
Dane Sanzenbacher,164,,CIN,WR,25,10,1,0,0,0,0,0,0,0,0,8,6,61,0,6,12.1,9.1
Zach Sudfeld,75,,2TM,TE,24,14,2,0,0,0,0,0,0,0,0,10,5,63,0,6,11.3,8.8
Markus Wheaton,162,,PIT,WR,22,12,1,0,0,0,0,0,0,0,0,13,6,64,0,6,12.4,9.4
Patrick DiMarco,130,,ATL,RB,24,14,7,0,0,0,0,0,0,0,0,10,8,49,0,5,12.9,8.9
Patrick Edwards,168,,DET,WR,25,4,2,0,0,0,0,0,0,0,0,11,5,46,0,5,9.6,7.1
MarQueis Gray,76,,CLE,TE,24,12,2,0,0,0,0,0,6,43,0,9,2,8,0,5,7.1,6.1
Virgil Green,78,,DEN,TE,25,16,3,0,0,0,0,0,0,0,0,12,9,45,0,5,13.5,9.0
Michael Hill,132,,2TM,RB,24,8,0,0,0,0,0,0,9,23,0,2,2,23,0,5,6.6,5.6
Deji Karim,129,,HOU,RB,27,7,0,0,0,0,0,0,12,51,0,2,1,-1,0,5,6.0,5.5
Erik Lorig,131,,TAM,RB,27,15,9,0,0,0,0,0,0,0,0,14,11,47,0,5,15.7,10.2
Niles Paul,128,,WAS,RB,24,15,4,0,0,0,0,0,0,0,0,8,4,51,0,5,9.1,7.1
Weslye Saunders,77,,IND,TE,24,6,1,0,0,0,0,0,0,0,0,11,4,46,0,5,8.6,6.6
Tyrod Taylor,53,,BAL,QB,24,3,0,1,5,2,0,1,8,64,0,1,1,6,0,5,7.1,6.6
Teddy Williams,167,,ARI,WR,25,3,0,0,0,0,0,0,0,0,0,1,1,51,0,5,6.1,5.6
C.J. Anderson,136,,DEN,RB,22,5,0,0,0,0,0,0,7,38,0,1,0,0,0,4,3.8,3.8
Kevin Brock,81,,2TM,TE,27,8,0,0,0,0,0,0,0,0,0,6,3,36,0,4,6.6,5.1
Nate Byham,135,,TAM,RB,25,4,3,0,0,0,0,0,0,0,0,3,3,38,0,4,6.8,5.3
Garrett Celek,80,,SFO,TE,25,12,1,0,0,0,0,0,0,0,0,4,2,38,0,4,5.8,4.8
Jeff Demps,139,,TAM,RB,23,2,0,0,0,0,0,0,1,14,0,3,3,21,0,4,6.5,5.0
Jerome Felton,137,,MIN,RB,27,13,9,0,0,0,0,0,0,0,0,8,6,37,0,4,9.7,6.7
Alex Green,133,,NYJ,RB,25,13,0,0,0,0,0,0,11,35,0,2,2,8,0,4,6.3,5.3
Lestar Jean,171,,HOU,WR,25,13,0,0,0,0,0,0,0,0,0,8,4,35,0,4,7.5,5.5
Greg Jones,138,,HOU,RB,32,16,5,0,0,0,0,0,2,2,0,11,5,34,0,4,8.6,6.1
Brock Osweiler,54,,DEN,QB,23,4,0,11,16,95,0,0,3,2,0,0,0,0,0,4,4.0,4.0
Eric Page,169,,TAM,WR,22,16,1,0,0,0,0,0,2,14,0,9,4,68,0,4,10.2,6.2
Allen Reisner,79,,JAX,TE,25,5,3,0,0,0,0,0,0,0,0,9,5,40,0,4,9.0,6.5
Will Ta'ufo'ou,134,,JAX,RB,27,16,7,0,0,0,0,0,1,1,0,15,10,40,0,4,14.1,9.1
Seneca Wallace,55,,GNB,QB,33,2,1,16,24,139,0,1,0,0,0,0,0,0,0,4,4.6,4.6
Nick Williams,170,,WAS,WR,23,5,0,0,0,0,0,0,0,0,0,11,3,15,0,4,6.5,5.0
Jonathan Baldwin,177,,SFO,WR,24,7,1,0,0,0,0,0,0,0,0,9,3,28,0,3,5.8,4.3
James Casey,85,,PHI,TE,29,15,1,0,0,0,0,0,0,0,0,6,3,31,0,3,6.1,4.6
John Conner,141,,NYG,RB,26,13,7,0,0,0,0,0,0,0,0,11,6,31,0,3,9.1,6.1
Juron Criner,174,,OAK,WR,24,1,0,0,0,0,0,0,0,0,0,8,3,32,0,3,6.2,4.7
Dominique Davis,172,,ATL,WR,24,1,0,5,7,34,0,0,0,0,0,13,0,0,0,3,3.4,3.4
Skye Dawson,178,,TAM,WR,23,7,0,0,0,0,0,0,2,15,0,7,2,12,0,3,4.7,3.7
Dorin Dickerson,83,,DET,TE,25,5,0,0,0,0,0,0,0,0,0,5,2,34,0,3,5.4,4.4
Larry Donnell,84,,NYG,TE,25,16,1,0,0,0,0,0,0,0,0,6,3,31,0,3,6.1,4.6
Bradie Ewing,143,,ATL,RB,24,2,2,0,0,0,0,0,0,0,0,2,2,29,0,3,4.9,3.9
Matt Hasselbeck,56,,IND,QB,38,3,0,7,12,130,0,1,2,-2,0,0,0,0,0,3,4.0,4.0
Dominique Jones,82,,2TM,TE,26,8,2,0,0,0,0,0,0,0,0,3,2,34,0,3,5.4,4.4
Le'Ron McClain,146,,SDG,RB,29,16,2,0,0,0,0,0,11,32,0,4,2,-7,0,3,4.5,3.5
Collin Mooney,140,,TEN,RB,27,12,4,0,0,0,0,0,0,0,0,6,6,32,0,3,9.2,6.2
John Phillips,86,,SDG,TE,26,15,6,0,0,0,0,0,0,0,0,6,4,30,0,3,7.0,5.0
Isaac Redman,145,,PIT,RB,29,3,1,0,0,0,0,0,10,12,0,5,4,14,0,3,6.6,4.6
Denard Robinson,179,,JAX,WR,23,16,0,0,1,0,0,0,20,66,0,1,0,0,0,3,4.6,2.6
Michael Robinson,144,,SEA,RB,30,9,3,0,0,0,0,0,1,0,0,3,2,27,0,3,4.7,3.7
Brad Smith,176,,2TM,WR,30,8,0,0,1,0,0,0,2,2,0,2,2,27,0,3,4.9,3.9
LaRod Stephens-Howling,142,,PIT,RB,26,1,0,0,0,0,0,0,6,19,0,3,2,11,0,3,5.0,4.0
Ryan Taylor,87,,GNB,TE,26,14,1,0,0,0,0,0,0,0,0,9,6,30,0,3,9.0,6.0
Lamaar Thomas,175,,JAX,WR,23,2,0,0,0,0,0,0,0,0,0,3,2,31,0,3,5.1,4.1
Joe Webb,173,,MIN,WR,27,16,1,0,0,0,0,0,0,0,0,11,5,33,0,3,8.3,5.8
Billy Bajema,89,,BAL,TE,31,6,1,0,0,0,0,0,0,0,0,2,2,18,0,2,3.8,2.8
Matt Barkley,58,,PHI,QB,23,3,0,30,49,300,0,4,2,-2,0,0,0,0,0,2,9.8,5.8
Jack Doyle,88,,IND,TE,23,15,4,0,0,0,0,0,0,0,0,7,5,19,0,2,6.9,4.4
Jeremy Ebert,181,,JAX,WR,24,5,0,0,0,0,0,0,0,0,0,8,3,18,0,2,4.8,3.3
Mike Gillislee,148,,MIA,RB,23,3,0,0,0,0,0,0,6,21,0,0,0,0,0,2,2.1,2.1
Ray Graham,149,,HOU,RB,23,1,0,0,0,0,0,0,4,8,0,3,1,12,0,2,3.0,2.5
Tori Gurley,184,,CLE,WR,26,3,0,0,0,0,0,0,0,0,0,3,1,15,0,2,2.5,2.0
Chad Hall,180,,KAN,WR,27,9,0,0,0,0,0,0,0,0,0,7,2,20,0,2,4.0,3.0
Percy Harvin,182,,SEA,WR,25,1,0,0,0,0,0,0,0,0,0,1,1,17,0,2,2.7,2.2
Josh Johnson,57,,CIN,QB,27,2,0,0,0,0,0,0,7,20,0,0,0,0,0,2,2.0,2.0
Kassim Osgood,183,,SFO,WR,33,14,0,0,0,0,0,0,0,0,0,1,1,17,0,2,8.7,8.2
Cedric Peerman,150,,CIN,RB,27,16,0,0,0,0,0,0,8,17,0,0,0,0,0,2,1.7,1.7
Bernard Scott,147,,BAL,RB,29,2,0,0,0,0,0,0,4,14,0,2,2,10,0,2,4.4,3.4
Kory Sperry,90,,ARI,TE,28,8,2,0,0,0,0,0,0,0,0,1,1,16,0,2,2.6,2.1
Joe Banyard,152,,MIN,RB,25,3,0,0,0,0,0,0,0,0,0,1,1,11,0,1,2.1,1.6
Kenjon Barner,151,,CAR,RB,23,8,0,0,0,0,0,0,6,7,0,3,2,7,0,1,3.4,2.4
Orson Charles,156,,CIN,RB,22,13,0,0,0,0,0,0,0,0,0,2,1,8,0,1,1.8,1.3
Kevin Cone,188,,ATL,WR,25,16,0,0,0,0,0,0,0,0,0,1,1,12,0,1,2.2,1.7
Marcus Easley,185,,BUF,WR,26,16,0,0,0,0,0,0,0,0,0,5,2,13,0,1,3.3,2.3
Armanti Edwards,189,,2TM,WR,25,6,0,0,0,0,0,0,1,0,0,5,1,10,0,1,2.0,1.5
Robert Hughes,159,,2TM,RB,24,2,0,0,0,0,0,0,0,0,0,2,1,6,0,1,1.6,1.1
Henry Hynoski,94,,NYG,TE,25,3,2,0,0,0,0,0,0,0,0,2,1,5,0,1,1.5,1.0
Mikel Leshoure,155,,DET,RB,23,3,0,0,0,0,0,0,2,9,0,0,0,0,0,1,0.9,0.9
Zach Line,157,,MIN,RB,23,3,1,0,0,0,0,0,0,0,0,3,1,8,0,1,1.8,1.3
Mike McNeill,95,,STL,TE,25,14,0,0,0,0,0,0,0,0,0,1,1,5,0,1,1.5,1.0
Ben Obomanu,190,,NYJ,WR,30,3,0,0,0,0,0,0,0,0,0,1,1,8,0,1,1.8,1.3
Michael Palmer,92,,PIT,TE,25,16,0,0,0,0,0,0,0,0,0,1,1,8,0,1,1.8,1.3
Konrad Reuland,93,,NYJ,TE,26,10,0,0,0,0,0,0,0,0,0,3,1,7,0,1,1.7,1.2
Dante Rosario,91,,CHI,TE,29,15,3,0,0,0,0,0,0,0,0,4,1,13,0,1,2.3,1.8
Armond Smith,160,,CAR,RB,27,5,0,0,0,0,0,0,4,5,0,0,0,0,0,1,0.5,0.5
Craig Stevens,96,,TEN,TE,29,15,14,0,0,0,0,0,0,0,0,6,2,5,0,1,2.5,1.5
Brandon Tate,192,,CIN,WR,26,16,0,0,0,0,0,0,0,0,0,2,1,6,0,1,1.6,1.1
Brian Tyms,187,,CLE,WR,24,7,0,0,0,0,0,0,0,0,0,5,2,12,0,1,3.2,2.2
Spencer Ware,153,,SEA,RB,22,2,0,0,0,0,0,0,3,10,0,0,0,0,0,1,1.0,1.0
Eric Weems,191,,CHI,WR,28,16,0,0,0,0,0,0,0,0,0,2,1,8,0,1,1.8,1.3
Marquess Wilson,186,,CHI,WR,21,10,1,0,0,0,0,0,0,0,0,3,2,13,0,1,3.3,2.3
Ronnie Wingo,158,,BUF,RB,22,2,0,0,0,0,0,0,1,4,0,1,1,2,0,1,1.6,1.1
Cierre Wood,154,,2TM,RB,22,5,0,0,0,0,0,0,3,9,0,0,0,0,0,1,0.9,0.9
T.J. Yates,59,,HOU,QB,26,3,0,15,22,113,0,2,1,0,0,0,0,0,0,1,2.5,2.5
Derek Anderson,60,,CAR,QB,30,4,0,0,0,0,0,0,5,0,0,0,0,0,0,,,
Joe Anderson,195,,CHI,,25,6,0,0,0,0,0,0,0,0,0,1,0,0,0,,,
Josh Bellamy,212,,WAS,,24,5,0,0,0,0,0,0,0,0,0,,0,0,0,,,
Kahlil Bell,173,,GNB,,27,3,0,0,0,0,0,0,0,0,0,,0,0,0,,,
Allen Bradford,167,,2TM,,25,10,0,0,0,0,0,0,0,0,0,,0,0,0,,,
Rex Burkhead,170,,CIN,,23,1,0,0,0,0,0,0,0,0,0,,0,0,0,,,
Jake Byrne,116,,2TM,,23,8,0,0,0,0,0,0,0,0,0,0,0,0,0,,,
Derek Carrier,198,,SFO,,23,5,0,0,0,0,0,0,0,0,0,,0,0,0,,,
Delone Carter,164,,JAX,,26,1,0,0,0,0,0,0,0,0,0,,0,0,0,,,
Chase Coffman,107,,ATL,,27,11,0,0,0,0,0,0,0,0,0,2,0,0,0,,,
B.J. Cunningham,205,,PHI,,24,2,0,0,0,0,0,0,0,0,0,,0,0,0,,,
Justice Cunningham,97,,2TM,TE,22,2,0,0,0,0,0,0,0,0,0,1,1,4,0,,1.4,0.9
Shaun Draughn,162,,BAL,RB,26,3,0,0,0,0,0,0,4,2,0,0,0,0,0,,0.2,0.2
Michael Ford,169,,CHI,,23,12,0,0,0,0,0,0,0,0,0,,0,0,0,,,
Richard Gordon,98,,KAN,TE,26,2,0,0,0,0,0,0,0,0,0,1,1,3,0,,1.3,0.8
Saalim Hakim,215,,NYJ,WR,23,3,0,0,0,0,0,0,2,-3,0,1,0,0,0,,-0.3,-0.3
Chris Harper,202,,GNB,,24,4,0,0,0,0,0,0,0,0,0,,0,0,0,,,
Clark Harris,109,,CIN,,29,16,0,0,0,0,0,0,0,0,0,,0,0,0,,,
Ben Hartsock,101,,CAR,,33,13,2,0,0,0,0,0,0,0,0,0,0,0,0,,,
Lavelle Hawkins,197,,SDG,,27,4,0,0,0,0,0,0,0,0,0,,0,0,0,,,
Shaun Hill,64,,DET,QB,33,1,0,0,0,0,0,0,2,-2,0,0,0,0,0,,-0.2,-0.2
D.C. Jefferson,113,,ARI,,24,4,0,0,0,0,0,0,0,0,0,,0,0,0,,,
Quinn Johnson,166,,TEN,,27,4,0,0,0,0,0,0,0,0,0,1,0,0,0,,,
Landry Jones,61,,PIT,,24,1,0,0,0,0,0,0,0,0,0,,0,0,0,,,
Travis Kelce,110,,KAN,,24,1,0,0,0,0,0,0,0,0,0,,0,0,0,,,
Mike Leach,115,,ARI,,37,16,0,0,0,0,0,0,0,0,0,,0,0,0,,,
Lance Lewis,204,,WAS,,25,3,0,0,0,0,0,0,0,0,0,,0,0,0,,,
Elbert Mack,207,,HOU,,27,8,0,0,0,0,0,0,0,0,0,0,0,0,0,,,
Colt McCoy,63,,SFO,QB,27,4,0,1,1,13,0,0,6,-6,0,0,0,0,0,,-0.1,-0.1
Luke McCown,65,,NOR,QB,32,16,0,0,1,0,0,0,3,-4,0,0,0,0,0,,-0.4,-0.4
Marvin McNutt,211,,CAR,,24,1,0,0,0,0,0,0,0,0,0,1,0,0,0,,,
Keavon Milton,103,,CLE,,23,8,0,0,0,0,0,0,0,0,0,,0,0,0,,,
Tony Moeaki,112,,BUF,,26,2,0,0,0,0,0,0,0,0,0,,0,0,0,,,
Dan Orlovsky,62,,TAM,,30,2,0,0,0,0,0,0,0,0,0,,0,0,0,,,
Montell Owens,168,,DET,,29,1,0,0,0,0,0,0,0,0,0,,0,0,0,,,
Tobais Palmer,210,,JAX,,23,1,0,0,0,0,0,0,0,0,0,,0,0,0,,,
Chris Rainey,165,,IND,,25,2,0,0,0,0,0,0,0,0,0,1,0,0,0,,,
David Reed,193,,IND,WR,26,7,0,0,0,0,0,0,0,0,0,3,1,2,0,,1.2,0.7
Adrien Robinson,108,,NYG,,25,1,0,0,0,0,0,0,0,0,0,,0,0,0,,,
Brian Robiskie,203,,ATL,,26,1,0,0,0,0,0,0,0,0,0,1,0,0,0,,,
Evan Rodriguez,117,,BUF,,25,7,0,0,0,0,0,0,0,0,0,1,0,0,0,,,
Evan Royster,161,,WAS,RB,26,10,0,0,0,0,0,0,2,0,0,1,1,3,0,,1.3,0.8
Russell Shepard,208,,TAM,,23,14,0,0,0,0,0,0,0,0,0,0,0,0,0,,,
Visanthe Shiancoe,99,,TEN,TE,33,1,1,0,0,0,0,0,0,0,0,2,2,2,0,,2.2,1.2
Matt Slater*,200,,NWE,,28,12,0,0,0,0,0,0,0,0,0,,0,0,0,,,
Brad Smelley,114,,HOU,,24,2,0,0,0,0,0,0,0,0,0,,0,0,0,,,
Rodney Smith,213,,MIN,,23,4,0,0,0,0,0,0,0,0,0,0,0,0,0,,,
Nate Solder,100,,NWE,,25,15,15,0,0,0,0,0,0,0,0,1,0,0,0,,,
Ryan Spadola,209,,2TM,,22,4,0,0,0,0,0,0,0,0,0,1,0,0,0,,,
Micheal Spurlock,196,,2TM,,30,11,0,0,0,0,0,0,0,0,0,0,0,0,0,,,
Luke Stocker,118,,TAM,,25,2,2,0,0,0,0,0,0,0,0,,0,0,0,,,
Jake Stoneburner,105,,GNB,,24,9,0,0,0,0,0,0,0,0,0,0,0,0,0,,,
Phillip Supernaw,102,,HOU,,23,1,0,0,0,0,0,0,0,0,0,,0,0,0,,,
Julian Talley,206,,NYG,,24,2,0,0,0,0,0,0,0,0,0,2,0,0,0,,,
Chris Thompson,172,,WAS,,23,4,0,0,0,0,0,0,0,0,0,0,0,0,0,,,
Matthew Tucker,174,,PHI,,22,2,0,0,0,0,0,0,0,0,0,,0,0,0,,,
Josh Vaughan,175,,ATL,RB,27,6,0,0,0,0,0,0,1,1,0,1,1,-5,0,,0.6,0.1
Matt Veldman,104,,DET,,25,1,0,0,0,0,0,0,0,0,0,,0,0,0,,,
Justin Veltung,214,,STL,,22,3,0,0,0,0,0,0,0,0,0,0,0,0,0,,,
Leon Washington,163,,2TM,RB,31,7,0,0,0,0,0,0,1,1,0,1,0,0,0,,0.1,0.1
Ryan Whalen,199,,CIN,,24,4,0,0,0,0,0,0,0,0,0,,0,0,0,,,
Brandon Williams,111,,CAR,,26,9,0,0,0,0,0,0,0,0,0,,0,0,0,,,
Kerwynn Williams,171,,2TM,,22,2,0,0,0,0,0,0,0,0,0,,0,0,0,,,
Stephen Williams,201,,2TM,,27,6,0,0,0,0,0,0,0,0,0,4,0,0,0,,,
George Wilson,194,,TEN,,32,16,3,0,0,0,0,0,0,0,0,0,0,0,0,,,
Will Yeatman,106,,MIA,,25,8,0,0,0,0,0,0,0,0,0,,0,0,0,,,
Richie Brockel,119,,CAR,TE,27,16,0,0,0,0,0,0,1,1,0,1,1,12,0,-1,1.3,-0.2
Damaris Johnson,216,,PHI,WR,24,13,0,0,0,0,0,0,0,0,0,3,2,14,0,-1,2.4,0.4
Charlie Whitehurst,66,,SDG,QB,31,2,0,0,0,0,0,0,6,-5,0,0,0,0,0,-1,-0.5,-0.5
Tyler Clutts,176,,2TM,RB,29,8,0,0,0,0,0,0,0,0,0,2,1,4,0,-2,0.4,-1.1
Greg Jenkins,217,,OAK,,24,6,0,0,0,0,0,0,0,0,0,1,0,0,0,-2,5.0,4.0
Matt Moore,67,,MIA,QB,29,1,0,2,6,53,0,2,0,0,0,0,0,0,0,-2,0.1,0.1
Curtis Painter,68,,NYG,QB,28,3,0,8,16,57,0,2,3,-2,0,0,0,0,0,-2,0.1,0.1
Darius Reynaud,177,,2TM,RB,29,9,0,0,0,0,0,0,1,0,0,2,1,4,0,-2,0.4,-1.1
Devon Wylie,218,,TEN,,25,2,0,0,0,0,0,0,0,0,0,,0,0,0,-2,-1.0,-2.0
Trindon Holliday,219,,DEN,WR,27,15,0,0,0,0,0,0,1,7,0,0,0,0,0,-3,10.7,8.7
